[
    {
        "id": "1",
        "title": "Eum blanditiis animi.",
        "genre": "Quam.",
        "duration": "656832361",
        "listeners": "749183"
    },
    {
        "id": "10",
        "title": "Quia at.",
        "genre": "Dolores a.",
        "duration": "1200778167",
        "listeners": "480504"
    },
    {
        "id": "100",
        "title": "Saepe et.",
        "genre": "Quibusdam.",
        "duration": "1440183146",
        "listeners": "238359"
    },
    {
        "id": "101",
        "title": "Dolor quia.",
        "genre": "Sed necessitatibus.",
        "duration": "1208955654",
        "listeners": "858068"
    },
    {
        "id": "102",
        "title": "Atque atque.",
        "genre": "Aut.",
        "duration": "645525383",
        "listeners": "510537"
    },
    {
        "id": "103",
        "title": "Dolorem nobis.",
        "genre": "Enim.",
        "duration": "895986825",
        "listeners": "827308"
    },
    {
        "id": "104",
        "title": "Qui et.",
        "genre": "Et minima.",
        "duration": "889284367",
        "listeners": "116035"
    },
    {
        "id": "105",
        "title": "Velit accusamus expedita.",
        "genre": "Voluptas.",
        "duration": "1103698869",
        "listeners": "876378"
    },
    {
        "id": "106",
        "title": "Quo qui.",
        "genre": "Qui.",
        "duration": "1028754435",
        "listeners": "450591"
    },
    {
        "id": "107",
        "title": "Quia autem nostrum.",
        "genre": "Quo.",
        "duration": "164249384",
        "listeners": "239697"
    },
    {
        "id": "108",
        "title": "Veritatis enim aliquam.",
        "genre": "Qui voluptatem.",
        "duration": "1363334070",
        "listeners": "858501"
    },
    {
        "id": "109",
        "title": "Impedit sint illum.",
        "genre": "Amet et.",
        "duration": "441856334",
        "listeners": "715209"
    },
    {
        "id": "11",
        "title": "Qui autem id.",
        "genre": "Rerum pariatur.",
        "duration": "1050484962",
        "listeners": "422570"
    },
    {
        "id": "110",
        "title": "Quasi dicta dolor.",
        "genre": "Voluptatem.",
        "duration": "1438700165",
        "listeners": "398499"
    },
    {
        "id": "111",
        "title": "A incidunt et.",
        "genre": "Et.",
        "duration": "1650969448",
        "listeners": "519263"
    },
    {
        "id": "112",
        "title": "Atque cumque.",
        "genre": "Assumenda qui.",
        "duration": "164057155",
        "listeners": "11906"
    },
    {
        "id": "113",
        "title": "Exercitationem qui in.",
        "genre": "Neque qui.",
        "duration": "1676248986",
        "listeners": "290621"
    },
    {
        "id": "114",
        "title": "Nihil autem odio.",
        "genre": "Ipsum ipsum.",
        "duration": "316697293",
        "listeners": "446782"
    },
    {
        "id": "115",
        "title": "Maxime quia.",
        "genre": "Amet.",
        "duration": "1225794985",
        "listeners": "615897"
    },
    {
        "id": "116",
        "title": "Distinctio quasi qui.",
        "genre": "Repellat.",
        "duration": "1430917212",
        "listeners": "177160"
    },
    {
        "id": "117",
        "title": "Inventore soluta exercitationem.",
        "genre": "Molestiae voluptatibus.",
        "duration": "1209719255",
        "listeners": "417318"
    },
    {
        "id": "118",
        "title": "Aut eos dolores.",
        "genre": "Dolor.",
        "duration": "1144808612",
        "listeners": "403603"
    },
    {
        "id": "119",
        "title": "Quod dolorum.",
        "genre": "Rerum sit.",
        "duration": "395121926",
        "listeners": "158407"
    },
    {
        "id": "12",
        "title": "Suscipit id rerum.",
        "genre": "Enim.",
        "duration": "689771298",
        "listeners": "483454"
    },
    {
        "id": "120",
        "title": "Repudiandae quia.",
        "genre": "Autem.",
        "duration": "1190191791",
        "listeners": "835621"
    },
    {
        "id": "121",
        "title": "Dolores officiis in.",
        "genre": "Occaecati qui.",
        "duration": "1203208824",
        "listeners": "162880"
    },
    {
        "id": "122",
        "title": "Recusandae nostrum.",
        "genre": "Excepturi et.",
        "duration": "814349414",
        "listeners": "309761"
    },
    {
        "id": "123",
        "title": "Veniam possimus.",
        "genre": "Consequatur.",
        "duration": "397138071",
        "listeners": "592798"
    },
    {
        "id": "124",
        "title": "Ea et quo.",
        "genre": "Exercitationem.",
        "duration": "1327973385",
        "listeners": "116717"
    },
    {
        "id": "125",
        "title": "Praesentium et eum.",
        "genre": "Voluptatem.",
        "duration": "621348814",
        "listeners": "369556"
    },
    {
        "id": "126",
        "title": "Quasi quod omnis.",
        "genre": "Nemo fuga.",
        "duration": "966040515",
        "listeners": "665942"
    },
    {
        "id": "127",
        "title": "Et fugiat expedita.",
        "genre": "Ea.",
        "duration": "640238648",
        "listeners": "114824"
    },
    {
        "id": "128",
        "title": "Ad natus.",
        "genre": "Deleniti.",
        "duration": "1575167215",
        "listeners": "99785"
    },
    {
        "id": "129",
        "title": "Quae expedita omnis.",
        "genre": "Excepturi.",
        "duration": "494116584",
        "listeners": "108457"
    },
    {
        "id": "13",
        "title": "Autem nulla error.",
        "genre": "Voluptates.",
        "duration": "183684803",
        "listeners": "4580"
    },
    {
        "id": "130",
        "title": "Adipisci velit.",
        "genre": "Fugit.",
        "duration": "439888943",
        "listeners": "790827"
    },
    {
        "id": "131",
        "title": "Qui molestiae repellat.",
        "genre": "A laborum.",
        "duration": "723817082",
        "listeners": "602775"
    },
    {
        "id": "132",
        "title": "Sit quam minima.",
        "genre": "Quia.",
        "duration": "1419882617",
        "listeners": "849653"
    },
    {
        "id": "133",
        "title": "Alias quia tempore.",
        "genre": "Quis eius.",
        "duration": "1665907973",
        "listeners": "744969"
    },
    {
        "id": "134",
        "title": "Sed et.",
        "genre": "Sit tenetur.",
        "duration": "635866445",
        "listeners": "745022"
    },
    {
        "id": "135",
        "title": "Praesentium rerum vitae.",
        "genre": "Sint quam.",
        "duration": "624572269",
        "listeners": "465332"
    },
    {
        "id": "136",
        "title": "Omnis esse.",
        "genre": "Aut quaerat.",
        "duration": "1500970224",
        "listeners": "317326"
    },
    {
        "id": "137",
        "title": "Reprehenderit dolor.",
        "genre": "Ratione.",
        "duration": "11193566",
        "listeners": "905751"
    },
    {
        "id": "138",
        "title": "Nihil laudantium.",
        "genre": "Rem.",
        "duration": "1551484589",
        "listeners": "526680"
    },
    {
        "id": "139",
        "title": "Ut dolorem iste.",
        "genre": "Id quidem.",
        "duration": "1273170661",
        "listeners": "894856"
    },
    {
        "id": "14",
        "title": "Impedit deserunt cum.",
        "genre": "Et dolores.",
        "duration": "411615310",
        "listeners": "749832"
    },
    {
        "id": "140",
        "title": "Et rerum.",
        "genre": "Dolorum.",
        "duration": "1468931380",
        "listeners": "160120"
    },
    {
        "id": "141",
        "title": "Enim qui.",
        "genre": "Ex magni.",
        "duration": "303565282",
        "listeners": "176281"
    },
    {
        "id": "142",
        "title": "Ducimus harum sunt.",
        "genre": "At ea.",
        "duration": "662283917",
        "listeners": "430460"
    },
    {
        "id": "143",
        "title": "Voluptas provident voluptatem.",
        "genre": "Quia.",
        "duration": "1654339734",
        "listeners": "613260"
    },
    {
        "id": "144",
        "title": "Laudantium dolores.",
        "genre": "Eum et.",
        "duration": "534553149",
        "listeners": "787813"
    },
    {
        "id": "145",
        "title": "Eveniet voluptas velit.",
        "genre": "Consectetur.",
        "duration": "1397864212",
        "listeners": "73419"
    },
    {
        "id": "146",
        "title": "Facere dolor.",
        "genre": "Numquam.",
        "duration": "1687577688",
        "listeners": "276514"
    },
    {
        "id": "147",
        "title": "Est inventore dolores.",
        "genre": "Repudiandae totam.",
        "duration": "831366625",
        "listeners": "402654"
    },
    {
        "id": "148",
        "title": "Accusantium ut.",
        "genre": "Et et.",
        "duration": "266196175",
        "listeners": "671575"
    },
    {
        "id": "149",
        "title": "Eum nisi adipisci.",
        "genre": "Et.",
        "duration": "344391547",
        "listeners": "277022"
    },
    {
        "id": "15",
        "title": "Earum quis.",
        "genre": "Qui.",
        "duration": "982892913",
        "listeners": "126291"
    },
    {
        "id": "150",
        "title": "Harum quasi laboriosam.",
        "genre": "Itaque quae.",
        "duration": "201804877",
        "listeners": "94329"
    },
    {
        "id": "151",
        "title": "Eveniet iure.",
        "genre": "Laborum autem.",
        "duration": "52935997",
        "listeners": "636077"
    },
    {
        "id": "152",
        "title": "Quam doloremque ea.",
        "genre": "Commodi.",
        "duration": "63926787",
        "listeners": "235314"
    },
    {
        "id": "153",
        "title": "Dolores explicabo.",
        "genre": "Qui.",
        "duration": "1283050872",
        "listeners": "129771"
    },
    {
        "id": "154",
        "title": "Facilis eius corrupti.",
        "genre": "Asperiores.",
        "duration": "1309322210",
        "listeners": "156052"
    },
    {
        "id": "155",
        "title": "Qui aspernatur amet.",
        "genre": "Autem iure.",
        "duration": "1053853914",
        "listeners": "576039"
    },
    {
        "id": "156",
        "title": "Et et.",
        "genre": "Non quia.",
        "duration": "514183582",
        "listeners": "201186"
    },
    {
        "id": "157",
        "title": "Necessitatibus provident.",
        "genre": "Id aut.",
        "duration": "89606134",
        "listeners": "441605"
    },
    {
        "id": "158",
        "title": "Aspernatur dolores ut.",
        "genre": "Ducimus necessitatibus.",
        "duration": "857129696",
        "listeners": "947554"
    },
    {
        "id": "159",
        "title": "Aliquam qui.",
        "genre": "In.",
        "duration": "300141914",
        "listeners": "711022"
    },
    {
        "id": "16",
        "title": "Similique accusamus.",
        "genre": "Officiis.",
        "duration": "602012662",
        "listeners": "390051"
    },
    {
        "id": "160",
        "title": "Eius voluptatum.",
        "genre": "Non autem.",
        "duration": "1499831178",
        "listeners": "230131"
    },
    {
        "id": "161",
        "title": "Nulla dignissimos qui.",
        "genre": "Veritatis.",
        "duration": "68998098",
        "listeners": "181773"
    },
    {
        "id": "162",
        "title": "Voluptatum commodi.",
        "genre": "Excepturi itaque.",
        "duration": "384725108",
        "listeners": "442405"
    },
    {
        "id": "163",
        "title": "Sed ipsam.",
        "genre": "Quisquam.",
        "duration": "942751544",
        "listeners": "18672"
    },
    {
        "id": "164",
        "title": "Consequuntur libero quam.",
        "genre": "Illum.",
        "duration": "503795287",
        "listeners": "128934"
    },
    {
        "id": "165",
        "title": "Suscipit occaecati.",
        "genre": "Maxime.",
        "duration": "1528475723",
        "listeners": "917003"
    },
    {
        "id": "166",
        "title": "Qui tempore assumenda.",
        "genre": "Deleniti.",
        "duration": "1270243893",
        "listeners": "986796"
    },
    {
        "id": "167",
        "title": "Unde doloribus.",
        "genre": "Excepturi quo.",
        "duration": "391233685",
        "listeners": "672667"
    },
    {
        "id": "168",
        "title": "Placeat voluptatum tempora.",
        "genre": "Quod minima.",
        "duration": "1262965580",
        "listeners": "428901"
    },
    {
        "id": "169",
        "title": "Expedita voluptas sunt.",
        "genre": "Culpa eos.",
        "duration": "690797109",
        "listeners": "377759"
    },
    {
        "id": "17",
        "title": "Dolor omnis suscipit.",
        "genre": "Iste dolor.",
        "duration": "12106222",
        "listeners": "388887"
    },
    {
        "id": "170",
        "title": "Sit voluptatum.",
        "genre": "Totam.",
        "duration": "973928182",
        "listeners": "661905"
    },
    {
        "id": "171",
        "title": "Eligendi voluptatum iste.",
        "genre": "Aspernatur.",
        "duration": "240989304",
        "listeners": "975955"
    },
    {
        "id": "172",
        "title": "Temporibus vitae.",
        "genre": "Quibusdam.",
        "duration": "752185947",
        "listeners": "194087"
    },
    {
        "id": "173",
        "title": "Omnis veritatis.",
        "genre": "Soluta porro.",
        "duration": "727180913",
        "listeners": "524589"
    },
    {
        "id": "174",
        "title": "Id omnis qui.",
        "genre": "Atque tempora.",
        "duration": "1528510282",
        "listeners": "836169"
    },
    {
        "id": "175",
        "title": "Sint quia soluta.",
        "genre": "Et veniam.",
        "duration": "519199228",
        "listeners": "241794"
    },
    {
        "id": "176",
        "title": "Accusantium velit.",
        "genre": "Labore non.",
        "duration": "1213359220",
        "listeners": "802865"
    },
    {
        "id": "177",
        "title": "Aut itaque esse.",
        "genre": "Accusantium iure.",
        "duration": "1624246770",
        "listeners": "445499"
    },
    {
        "id": "178",
        "title": "Consectetur alias.",
        "genre": "Quos expedita.",
        "duration": "274958634",
        "listeners": "85493"
    },
    {
        "id": "179",
        "title": "Sequi blanditiis.",
        "genre": "Eligendi consectetur.",
        "duration": "679204192",
        "listeners": "550044"
    },
    {
        "id": "18",
        "title": "Qui sunt unde.",
        "genre": "Laborum.",
        "duration": "429338605",
        "listeners": "103713"
    },
    {
        "id": "180",
        "title": "Earum ut molestiae.",
        "genre": "Consequatur rem.",
        "duration": "1132426700",
        "listeners": "470411"
    },
    {
        "id": "181",
        "title": "Earum ex.",
        "genre": "Deleniti.",
        "duration": "192713817",
        "listeners": "475483"
    },
    {
        "id": "182",
        "title": "Reprehenderit voluptatem.",
        "genre": "Quidem.",
        "duration": "1556657301",
        "listeners": "469647"
    },
    {
        "id": "183",
        "title": "Ex aliquam.",
        "genre": "Consequatur enim.",
        "duration": "1465423077",
        "listeners": "509772"
    },
    {
        "id": "184",
        "title": "Molestias rerum.",
        "genre": "Non.",
        "duration": "6872186",
        "listeners": "199179"
    },
    {
        "id": "185",
        "title": "Accusantium ut nihil.",
        "genre": "Sapiente distinctio.",
        "duration": "138046980",
        "listeners": "984468"
    },
    {
        "id": "186",
        "title": "Inventore ea.",
        "genre": "Sapiente porro.",
        "duration": "1133083877",
        "listeners": "40859"
    },
    {
        "id": "187",
        "title": "Qui minima omnis.",
        "genre": "Deleniti fuga.",
        "duration": "976781383",
        "listeners": "887818"
    },
    {
        "id": "188",
        "title": "Ipsa at asperiores.",
        "genre": "Ex.",
        "duration": "770735687",
        "listeners": "575254"
    },
    {
        "id": "189",
        "title": "In sunt suscipit.",
        "genre": "Corrupti.",
        "duration": "952556615",
        "listeners": "111718"
    },
    {
        "id": "19",
        "title": "Natus qui.",
        "genre": "Corporis.",
        "duration": "658627022",
        "listeners": "66689"
    },
    {
        "id": "190",
        "title": "Est voluptate dicta.",
        "genre": "Libero.",
        "duration": "801534423",
        "listeners": "339747"
    },
    {
        "id": "191",
        "title": "Quis consequatur.",
        "genre": "Iusto temporibus.",
        "duration": "1261039910",
        "listeners": "193130"
    },
    {
        "id": "192",
        "title": "Et facere assumenda.",
        "genre": "Ea sed.",
        "duration": "613133016",
        "listeners": "628656"
    },
    {
        "id": "193",
        "title": "Totam rerum sapiente.",
        "genre": "Fugit.",
        "duration": "500744955",
        "listeners": "866699"
    },
    {
        "id": "194",
        "title": "Quae sed et.",
        "genre": "Ea.",
        "duration": "154647590",
        "listeners": "690047"
    },
    {
        "id": "195",
        "title": "Itaque doloremque doloremque.",
        "genre": "Blanditiis.",
        "duration": "1519402111",
        "listeners": "221289"
    },
    {
        "id": "196",
        "title": "Consequatur recusandae aperiam.",
        "genre": "Voluptatem.",
        "duration": "228830902",
        "listeners": "929468"
    },
    {
        "id": "197",
        "title": "Ipsam quidem magnam.",
        "genre": "Vero sunt.",
        "duration": "351742389",
        "listeners": "492265"
    },
    {
        "id": "198",
        "title": "Vero pariatur ducimus.",
        "genre": "In fuga.",
        "duration": "375187341",
        "listeners": "250159"
    },
    {
        "id": "199",
        "title": "Qui ut est.",
        "genre": "Delectus qui.",
        "duration": "1285425819",
        "listeners": "680301"
    },
    {
        "id": "2",
        "title": "Ut officia eius.",
        "genre": "Amet.",
        "duration": "1449593242",
        "listeners": "837954"
    },
    {
        "id": "20",
        "title": "Dolorem aut repudiandae.",
        "genre": "Harum dolores.",
        "duration": "335868074",
        "listeners": "420326"
    },
    {
        "id": "200",
        "title": "Explicabo fugit.",
        "genre": "Officiis temporibus.",
        "duration": "444595488",
        "listeners": "986128"
    },
    {
        "id": "201",
        "title": "Qui aut pariatur.",
        "genre": "Aut quas.",
        "duration": "1637297069",
        "listeners": "365218"
    },
    {
        "id": "202",
        "title": "Aliquam exercitationem.",
        "genre": "Perspiciatis.",
        "duration": "889642601",
        "listeners": "174376"
    },
    {
        "id": "203",
        "title": "Natus quidem quod.",
        "genre": "Eligendi similique.",
        "duration": "1320067028",
        "listeners": "925047"
    },
    {
        "id": "204",
        "title": "Consequatur voluptas provident.",
        "genre": "Mollitia alias.",
        "duration": "625258968",
        "listeners": "286410"
    },
    {
        "id": "205",
        "title": "Iusto est cum.",
        "genre": "Maiores est.",
        "duration": "260105328",
        "listeners": "267372"
    },
    {
        "id": "206",
        "title": "Est officia.",
        "genre": "Repudiandae est.",
        "duration": "919876675",
        "listeners": "919564"
    },
    {
        "id": "207",
        "title": "Doloremque nam.",
        "genre": "Quo.",
        "duration": "1199498310",
        "listeners": "679042"
    },
    {
        "id": "208",
        "title": "Ut sint praesentium.",
        "genre": "Placeat.",
        "duration": "1236932436",
        "listeners": "567155"
    },
    {
        "id": "209",
        "title": "Inventore vel adipisci.",
        "genre": "Optio.",
        "duration": "405347514",
        "listeners": "29938"
    },
    {
        "id": "21",
        "title": "Minus velit sed.",
        "genre": "Itaque dicta.",
        "duration": "246235155",
        "listeners": "574789"
    },
    {
        "id": "210",
        "title": "Voluptatem est laudantium.",
        "genre": "Consequuntur.",
        "duration": "20139046",
        "listeners": "780171"
    },
    {
        "id": "211",
        "title": "Rerum animi.",
        "genre": "Inventore.",
        "duration": "1039446644",
        "listeners": "158459"
    },
    {
        "id": "212",
        "title": "Qui suscipit.",
        "genre": "Et.",
        "duration": "501025441",
        "listeners": "270862"
    },
    {
        "id": "213",
        "title": "Et modi voluptatem.",
        "genre": "Laborum sint.",
        "duration": "147589970",
        "listeners": "482569"
    },
    {
        "id": "214",
        "title": "Enim eum qui.",
        "genre": "A.",
        "duration": "1208271064",
        "listeners": "207072"
    },
    {
        "id": "215",
        "title": "A mollitia maxime.",
        "genre": "Maiores dolorem.",
        "duration": "1150538518",
        "listeners": "561882"
    },
    {
        "id": "216",
        "title": "Et repellendus.",
        "genre": "Rerum.",
        "duration": "1440013065",
        "listeners": "348282"
    },
    {
        "id": "217",
        "title": "Dolorem possimus numquam.",
        "genre": "Culpa.",
        "duration": "565313884",
        "listeners": "660606"
    },
    {
        "id": "218",
        "title": "Reprehenderit libero modi.",
        "genre": "Ut et.",
        "duration": "1177241051",
        "listeners": "862231"
    },
    {
        "id": "219",
        "title": "Repellendus et hic.",
        "genre": "Rerum consequatur.",
        "duration": "512057717",
        "listeners": "881170"
    },
    {
        "id": "22",
        "title": "Non incidunt.",
        "genre": "Dolorum saepe.",
        "duration": "1157731002",
        "listeners": "944808"
    },
    {
        "id": "220",
        "title": "Laborum consequatur.",
        "genre": "Officia.",
        "duration": "441451120",
        "listeners": "687911"
    },
    {
        "id": "221",
        "title": "Labore et aut.",
        "genre": "Quisquam laudantium.",
        "duration": "531232630",
        "listeners": "705524"
    },
    {
        "id": "222",
        "title": "Magnam aut suscipit.",
        "genre": "Pariatur.",
        "duration": "1146033769",
        "listeners": "423421"
    },
    {
        "id": "223",
        "title": "Voluptatibus ullam alias.",
        "genre": "Ut animi.",
        "duration": "688741634",
        "listeners": "475649"
    },
    {
        "id": "224",
        "title": "Error voluptatem dolores.",
        "genre": "Est.",
        "duration": "1623709195",
        "listeners": "907888"
    },
    {
        "id": "225",
        "title": "Ex eius facilis.",
        "genre": "Temporibus.",
        "duration": "1136593703",
        "listeners": "551379"
    },
    {
        "id": "226",
        "title": "Quia ut ut.",
        "genre": "Provident.",
        "duration": "941804410",
        "listeners": "48560"
    },
    {
        "id": "227",
        "title": "Laboriosam quia vel.",
        "genre": "Quam.",
        "duration": "404389587",
        "listeners": "431442"
    },
    {
        "id": "228",
        "title": "Non expedita.",
        "genre": "Aut dolorem.",
        "duration": "876447246",
        "listeners": "874865"
    },
    {
        "id": "229",
        "title": "Maiores expedita officiis.",
        "genre": "Maiores.",
        "duration": "102278230",
        "listeners": "683650"
    },
    {
        "id": "23",
        "title": "Nisi voluptatem.",
        "genre": "Fugit.",
        "duration": "579205255",
        "listeners": "199097"
    },
    {
        "id": "230",
        "title": "Laborum velit.",
        "genre": "Beatae.",
        "duration": "354478706",
        "listeners": "687303"
    },
    {
        "id": "231",
        "title": "Ex velit.",
        "genre": "Vel earum.",
        "duration": "328331965",
        "listeners": "946671"
    },
    {
        "id": "232",
        "title": "Id officiis earum.",
        "genre": "Et sed.",
        "duration": "973642323",
        "listeners": "127030"
    },
    {
        "id": "233",
        "title": "Aut assumenda praesentium.",
        "genre": "Est.",
        "duration": "716438688",
        "listeners": "163056"
    },
    {
        "id": "234",
        "title": "Et ipsam sint.",
        "genre": "Exercitationem.",
        "duration": "296775834",
        "listeners": "712973"
    },
    {
        "id": "235",
        "title": "Et est voluptate.",
        "genre": "Harum.",
        "duration": "1285381952",
        "listeners": "218263"
    },
    {
        "id": "236",
        "title": "Voluptas provident.",
        "genre": "Modi.",
        "duration": "968281033",
        "listeners": "510553"
    },
    {
        "id": "237",
        "title": "Libero maxime ea.",
        "genre": "Voluptatem.",
        "duration": "360132283",
        "listeners": "922348"
    },
    {
        "id": "238",
        "title": "Ea est.",
        "genre": "Voluptas.",
        "duration": "275299926",
        "listeners": "47867"
    },
    {
        "id": "239",
        "title": "Praesentium voluptatibus.",
        "genre": "Ipsa quod.",
        "duration": "381397529",
        "listeners": "88926"
    },
    {
        "id": "24",
        "title": "Tempore repellendus.",
        "genre": "Perspiciatis qui.",
        "duration": "1033394601",
        "listeners": "188382"
    },
    {
        "id": "240",
        "title": "Qui corrupti.",
        "genre": "Pariatur.",
        "duration": "475981972",
        "listeners": "387620"
    },
    {
        "id": "241",
        "title": "Rem labore.",
        "genre": "Eius deleniti.",
        "duration": "829998714",
        "listeners": "901948"
    },
    {
        "id": "242",
        "title": "Cupiditate ut perspiciatis.",
        "genre": "Accusantium.",
        "duration": "30891825",
        "listeners": "804757"
    },
    {
        "id": "243",
        "title": "Voluptatem et vel.",
        "genre": "Hic.",
        "duration": "948937750",
        "listeners": "113199"
    },
    {
        "id": "244",
        "title": "Veniam possimus deleniti.",
        "genre": "Quo sunt.",
        "duration": "1048056087",
        "listeners": "706520"
    },
    {
        "id": "245",
        "title": "Fugiat voluptatibus.",
        "genre": "Necessitatibus voluptatum.",
        "duration": "870553622",
        "listeners": "924800"
    },
    {
        "id": "246",
        "title": "Reiciendis quo vero.",
        "genre": "Eius.",
        "duration": "665089092",
        "listeners": "602492"
    },
    {
        "id": "247",
        "title": "Molestias omnis.",
        "genre": "Ab beatae.",
        "duration": "509938384",
        "listeners": "342360"
    },
    {
        "id": "248",
        "title": "Molestiae accusantium sit.",
        "genre": "Et.",
        "duration": "359129094",
        "listeners": "277651"
    },
    {
        "id": "249",
        "title": "Minima fugit.",
        "genre": "Labore provident.",
        "duration": "357148443",
        "listeners": "114348"
    },
    {
        "id": "25",
        "title": "Ut perferendis.",
        "genre": "Enim nihil.",
        "duration": "555236417",
        "listeners": "295255"
    },
    {
        "id": "250",
        "title": "Commodi corrupti.",
        "genre": "Atque quo.",
        "duration": "1657183368",
        "listeners": "664513"
    },
    {
        "id": "251",
        "title": "Facere ut fugit.",
        "genre": "Qui.",
        "duration": "628872317",
        "listeners": "991777"
    },
    {
        "id": "252",
        "title": "Nihil molestiae.",
        "genre": "Ea.",
        "duration": "131941239",
        "listeners": "643131"
    },
    {
        "id": "253",
        "title": "Velit commodi.",
        "genre": "Sint delectus.",
        "duration": "747626729",
        "listeners": "632115"
    },
    {
        "id": "254",
        "title": "Expedita voluptatum.",
        "genre": "Et.",
        "duration": "498530156",
        "listeners": "762115"
    },
    {
        "id": "255",
        "title": "Quis qui voluptas.",
        "genre": "Minus.",
        "duration": "278308962",
        "listeners": "150701"
    },
    {
        "id": "256",
        "title": "Et deleniti.",
        "genre": "Rem et.",
        "duration": "659968537",
        "listeners": "897622"
    },
    {
        "id": "257",
        "title": "Quam atque mollitia.",
        "genre": "Fugiat laborum.",
        "duration": "1010291276",
        "listeners": "100258"
    },
    {
        "id": "258",
        "title": "Et qui id.",
        "genre": "Odit molestiae.",
        "duration": "1301484199",
        "listeners": "482102"
    },
    {
        "id": "259",
        "title": "Aut facere.",
        "genre": "Quia.",
        "duration": "290351776",
        "listeners": "431331"
    },
    {
        "id": "26",
        "title": "Et ex.",
        "genre": "Voluptatem.",
        "duration": "98074482",
        "listeners": "207052"
    },
    {
        "id": "260",
        "title": "Eveniet inventore aut.",
        "genre": "Mollitia reprehenderit.",
        "duration": "1251641043",
        "listeners": "737881"
    },
    {
        "id": "261",
        "title": "Dolorem nihil dolor.",
        "genre": "Itaque eum.",
        "duration": "1576476386",
        "listeners": "294622"
    },
    {
        "id": "262",
        "title": "Ab laborum.",
        "genre": "Totam deserunt.",
        "duration": "691508394",
        "listeners": "303572"
    },
    {
        "id": "263",
        "title": "Totam et.",
        "genre": "Vel.",
        "duration": "1539055402",
        "listeners": "141550"
    },
    {
        "id": "264",
        "title": "Et corrupti.",
        "genre": "Est magni.",
        "duration": "339078837",
        "listeners": "342769"
    },
    {
        "id": "265",
        "title": "Odio consequatur.",
        "genre": "Error.",
        "duration": "1658055142",
        "listeners": "531331"
    },
    {
        "id": "266",
        "title": "Rem nesciunt.",
        "genre": "Numquam.",
        "duration": "371162468",
        "listeners": "369557"
    },
    {
        "id": "267",
        "title": "Nihil sed blanditiis.",
        "genre": "Architecto.",
        "duration": "1522238920",
        "listeners": "32486"
    },
    {
        "id": "268",
        "title": "Est neque.",
        "genre": "Molestiae quia.",
        "duration": "1234637850",
        "listeners": "6907"
    },
    {
        "id": "269",
        "title": "Voluptas iste.",
        "genre": "Tenetur.",
        "duration": "894972749",
        "listeners": "736861"
    },
    {
        "id": "27",
        "title": "Voluptatem repellendus.",
        "genre": "Non atque.",
        "duration": "1660878223",
        "listeners": "260627"
    },
    {
        "id": "270",
        "title": "Amet eaque est.",
        "genre": "Ut.",
        "duration": "873850417",
        "listeners": "551521"
    },
    {
        "id": "271",
        "title": "Numquam iusto aut.",
        "genre": "Quia.",
        "duration": "826780299",
        "listeners": "877881"
    },
    {
        "id": "272",
        "title": "Esse dolor aspernatur.",
        "genre": "Vitae.",
        "duration": "297559470",
        "listeners": "902129"
    },
    {
        "id": "273",
        "title": "Est et alias.",
        "genre": "Corporis eos.",
        "duration": "309380715",
        "listeners": "381207"
    },
    {
        "id": "274",
        "title": "Sunt tempore.",
        "genre": "Magnam sunt.",
        "duration": "54177073",
        "listeners": "255592"
    },
    {
        "id": "275",
        "title": "Nihil dolor eum.",
        "genre": "Totam.",
        "duration": "613938965",
        "listeners": "279255"
    },
    {
        "id": "276",
        "title": "Cum adipisci dolor.",
        "genre": "Dicta.",
        "duration": "1012675744",
        "listeners": "683593"
    },
    {
        "id": "277",
        "title": "Ut totam.",
        "genre": "Aut quae.",
        "duration": "1684944743",
        "listeners": "616254"
    },
    {
        "id": "278",
        "title": "Nostrum officia saepe.",
        "genre": "Praesentium deleniti.",
        "duration": "601896840",
        "listeners": "195527"
    },
    {
        "id": "279",
        "title": "Voluptatem non corporis.",
        "genre": "Qui.",
        "duration": "602493575",
        "listeners": "672458"
    },
    {
        "id": "28",
        "title": "Repellat neque vitae.",
        "genre": "Doloremque.",
        "duration": "1162912505",
        "listeners": "963043"
    },
    {
        "id": "280",
        "title": "Omnis omnis.",
        "genre": "Magnam qui.",
        "duration": "682219554",
        "listeners": "393695"
    },
    {
        "id": "281",
        "title": "Qui et.",
        "genre": "Quod aut.",
        "duration": "1509747805",
        "listeners": "955792"
    },
    {
        "id": "282",
        "title": "Officiis veritatis et.",
        "genre": "Quae temporibus.",
        "duration": "1666820788",
        "listeners": "792587"
    },
    {
        "id": "283",
        "title": "Aliquam voluptates.",
        "genre": "Veniam sint.",
        "duration": "15279055",
        "listeners": "13181"
    },
    {
        "id": "284",
        "title": "Quae nihil.",
        "genre": "Repudiandae.",
        "duration": "626095784",
        "listeners": "273409"
    },
    {
        "id": "285",
        "title": "Maxime et tempore.",
        "genre": "Id.",
        "duration": "1411942112",
        "listeners": "309021"
    },
    {
        "id": "286",
        "title": "Officiis libero rerum.",
        "genre": "Magnam.",
        "duration": "465500339",
        "listeners": "636598"
    },
    {
        "id": "287",
        "title": "Impedit alias architecto.",
        "genre": "Eum dolores.",
        "duration": "641998658",
        "listeners": "232939"
    },
    {
        "id": "288",
        "title": "Labore sint.",
        "genre": "Odio.",
        "duration": "258012777",
        "listeners": "782660"
    },
    {
        "id": "289",
        "title": "Voluptatem non nesciunt.",
        "genre": "Et.",
        "duration": "1489783921",
        "listeners": "154667"
    },
    {
        "id": "29",
        "title": "Dolorum labore.",
        "genre": "Laborum consequatur.",
        "duration": "759628537",
        "listeners": "138868"
    },
    {
        "id": "290",
        "title": "Esse non voluptatem.",
        "genre": "Autem.",
        "duration": "664300141",
        "listeners": "460897"
    },
    {
        "id": "291",
        "title": "Accusantium beatae.",
        "genre": "Qui ut.",
        "duration": "1701874365",
        "listeners": "985487"
    },
    {
        "id": "292",
        "title": "Dignissimos voluptate.",
        "genre": "Ut.",
        "duration": "224880494",
        "listeners": "364681"
    },
    {
        "id": "293",
        "title": "Ipsa dolorem repudiandae.",
        "genre": "Animi.",
        "duration": "213802949",
        "listeners": "180937"
    },
    {
        "id": "294",
        "title": "Earum et.",
        "genre": "Esse in.",
        "duration": "217122595",
        "listeners": "277755"
    },
    {
        "id": "295",
        "title": "Voluptatem voluptatem quae.",
        "genre": "Amet.",
        "duration": "180191860",
        "listeners": "865861"
    },
    {
        "id": "296",
        "title": "Et id.",
        "genre": "Alias.",
        "duration": "894800847",
        "listeners": "251249"
    },
    {
        "id": "297",
        "title": "Cum nemo fugiat.",
        "genre": "Mollitia.",
        "duration": "1533516827",
        "listeners": "328477"
    },
    {
        "id": "298",
        "title": "Nostrum cum impedit.",
        "genre": "Est.",
        "duration": "1168334381",
        "listeners": "675039"
    },
    {
        "id": "299",
        "title": "Magni cumque.",
        "genre": "Porro.",
        "duration": "1510085518",
        "listeners": "318145"
    },
    {
        "id": "3",
        "title": "Dolorem mollitia aperiam.",
        "genre": "Minima.",
        "duration": "848658496",
        "listeners": "907940"
    },
    {
        "id": "30",
        "title": "Atque laudantium laboriosam.",
        "genre": "Atque et.",
        "duration": "728266871",
        "listeners": "19396"
    },
    {
        "id": "300",
        "title": "Illum aliquam occaecati.",
        "genre": "Corrupti.",
        "duration": "1406615938",
        "listeners": "550697"
    },
    {
        "id": "301",
        "title": "Deleniti magni.",
        "genre": "Quia.",
        "duration": "903875691",
        "listeners": "994285"
    },
    {
        "id": "302",
        "title": "Modi enim possimus.",
        "genre": "Et.",
        "duration": "1634040997",
        "listeners": "815761"
    },
    {
        "id": "303",
        "title": "Voluptates consectetur.",
        "genre": "Suscipit non.",
        "duration": "363066734",
        "listeners": "333835"
    },
    {
        "id": "304",
        "title": "Voluptatibus dolores.",
        "genre": "Quia.",
        "duration": "62166813",
        "listeners": "829155"
    },
    {
        "id": "305",
        "title": "Ut eum.",
        "genre": "Exercitationem sit.",
        "duration": "128409111",
        "listeners": "747535"
    },
    {
        "id": "306",
        "title": "Iure aspernatur pariatur.",
        "genre": "Natus et.",
        "duration": "434085810",
        "listeners": "435038"
    },
    {
        "id": "307",
        "title": "Aut quasi aliquid.",
        "genre": "Architecto exercitationem.",
        "duration": "1683555327",
        "listeners": "944517"
    },
    {
        "id": "308",
        "title": "Omnis id ratione.",
        "genre": "Facere.",
        "duration": "436021695",
        "listeners": "904022"
    },
    {
        "id": "309",
        "title": "Amet impedit necessitatibus.",
        "genre": "Velit vel.",
        "duration": "59767955",
        "listeners": "958702"
    },
    {
        "id": "31",
        "title": "Tenetur et vel.",
        "genre": "Doloribus animi.",
        "duration": "1420060939",
        "listeners": "732612"
    },
    {
        "id": "310",
        "title": "Optio commodi.",
        "genre": "Aut.",
        "duration": "1671795849",
        "listeners": "881626"
    },
    {
        "id": "311",
        "title": "Est id.",
        "genre": "Numquam optio.",
        "duration": "584935335",
        "listeners": "622505"
    },
    {
        "id": "312",
        "title": "Voluptatem consequatur.",
        "genre": "Doloribus provident.",
        "duration": "695115199",
        "listeners": "553698"
    },
    {
        "id": "313",
        "title": "Et qui provident.",
        "genre": "Non.",
        "duration": "609828774",
        "listeners": "122921"
    },
    {
        "id": "314",
        "title": "Corrupti sint.",
        "genre": "Veniam sit.",
        "duration": "1090782556",
        "listeners": "574709"
    },
    {
        "id": "315",
        "title": "Animi ea.",
        "genre": "Sint.",
        "duration": "1252289233",
        "listeners": "274054"
    },
    {
        "id": "316",
        "title": "Autem eaque.",
        "genre": "Iste.",
        "duration": "541951037",
        "listeners": "490528"
    },
    {
        "id": "317",
        "title": "Ipsum laborum.",
        "genre": "Dolor.",
        "duration": "243145983",
        "listeners": "693851"
    },
    {
        "id": "318",
        "title": "Eum unde occaecati.",
        "genre": "Placeat quis.",
        "duration": "532624080",
        "listeners": "979245"
    },
    {
        "id": "319",
        "title": "Quasi ipsam.",
        "genre": "Veritatis modi.",
        "duration": "698575387",
        "listeners": "757643"
    },
    {
        "id": "32",
        "title": "Ipsam deleniti porro.",
        "genre": "Qui culpa.",
        "duration": "5468314",
        "listeners": "914261"
    },
    {
        "id": "320",
        "title": "Vel eveniet blanditiis.",
        "genre": "Est.",
        "duration": "106640354",
        "listeners": "849672"
    },
    {
        "id": "321",
        "title": "Voluptas beatae.",
        "genre": "Corporis et.",
        "duration": "949531436",
        "listeners": "71118"
    },
    {
        "id": "322",
        "title": "Suscipit consectetur.",
        "genre": "Et rerum.",
        "duration": "1442255788",
        "listeners": "323675"
    },
    {
        "id": "323",
        "title": "Atque sit enim.",
        "genre": "Eum nam.",
        "duration": "1357615677",
        "listeners": "829775"
    },
    {
        "id": "324",
        "title": "Voluptatem vero.",
        "genre": "Veritatis consequatur.",
        "duration": "276308517",
        "listeners": "181437"
    },
    {
        "id": "325",
        "title": "Ut distinctio necessitatibus.",
        "genre": "Est.",
        "duration": "1018077766",
        "listeners": "889812"
    },
    {
        "id": "326",
        "title": "Laboriosam quis.",
        "genre": "Perferendis.",
        "duration": "11421529",
        "listeners": "747801"
    },
    {
        "id": "327",
        "title": "Ea ad.",
        "genre": "Rerum.",
        "duration": "1412495462",
        "listeners": "230087"
    },
    {
        "id": "328",
        "title": "Quod eveniet sit.",
        "genre": "Similique dolor.",
        "duration": "208970536",
        "listeners": "447216"
    },
    {
        "id": "329",
        "title": "Aut commodi.",
        "genre": "Nesciunt enim.",
        "duration": "1261696696",
        "listeners": "39032"
    },
    {
        "id": "33",
        "title": "Eligendi quisquam.",
        "genre": "Iste.",
        "duration": "1265082743",
        "listeners": "950564"
    },
    {
        "id": "330",
        "title": "Aut repudiandae asperiores.",
        "genre": "Doloribus suscipit.",
        "duration": "876343795",
        "listeners": "658420"
    },
    {
        "id": "331",
        "title": "Aspernatur sunt est.",
        "genre": "Consequuntur.",
        "duration": "813253426",
        "listeners": "762262"
    },
    {
        "id": "332",
        "title": "Inventore accusamus.",
        "genre": "Similique.",
        "duration": "705978468",
        "listeners": "185696"
    },
    {
        "id": "333",
        "title": "Modi repellendus.",
        "genre": "At asperiores.",
        "duration": "438128303",
        "listeners": "999005"
    },
    {
        "id": "334",
        "title": "Et et quam.",
        "genre": "Omnis.",
        "duration": "439363138",
        "listeners": "160880"
    },
    {
        "id": "335",
        "title": "Nobis deserunt.",
        "genre": "Pariatur libero.",
        "duration": "499977565",
        "listeners": "707246"
    },
    {
        "id": "336",
        "title": "Distinctio optio.",
        "genre": "Ut aut.",
        "duration": "1068811437",
        "listeners": "187858"
    },
    {
        "id": "337",
        "title": "Eum dolor.",
        "genre": "Natus ad.",
        "duration": "604795184",
        "listeners": "659159"
    },
    {
        "id": "338",
        "title": "Impedit a illo.",
        "genre": "Quis culpa.",
        "duration": "178674431",
        "listeners": "963832"
    },
    {
        "id": "339",
        "title": "Qui molestiae consequatur.",
        "genre": "Vel hic.",
        "duration": "739804914",
        "listeners": "66895"
    },
    {
        "id": "34",
        "title": "Et mollitia.",
        "genre": "Sit.",
        "duration": "852861449",
        "listeners": "480161"
    },
    {
        "id": "340",
        "title": "Qui quae quam.",
        "genre": "Laboriosam a.",
        "duration": "1112528933",
        "listeners": "356465"
    },
    {
        "id": "341",
        "title": "Qui enim.",
        "genre": "Assumenda cumque.",
        "duration": "311551702",
        "listeners": "186711"
    },
    {
        "id": "342",
        "title": "Odio qui.",
        "genre": "Cupiditate ullam.",
        "duration": "863198425",
        "listeners": "324783"
    },
    {
        "id": "343",
        "title": "Officiis explicabo eos.",
        "genre": "Nihil.",
        "duration": "1092918027",
        "listeners": "959325"
    },
    {
        "id": "344",
        "title": "Perspiciatis labore maiores.",
        "genre": "Et.",
        "duration": "1603813518",
        "listeners": "1278"
    },
    {
        "id": "345",
        "title": "Et aut.",
        "genre": "Blanditiis odio.",
        "duration": "743087263",
        "listeners": "459809"
    },
    {
        "id": "346",
        "title": "Blanditiis cum.",
        "genre": "Ut repellat.",
        "duration": "457156466",
        "listeners": "258712"
    },
    {
        "id": "347",
        "title": "Ipsam illo odio.",
        "genre": "Vero et.",
        "duration": "274073839",
        "listeners": "213631"
    },
    {
        "id": "348",
        "title": "Ipsum esse voluptatem.",
        "genre": "Qui accusantium.",
        "duration": "1036578708",
        "listeners": "124195"
    },
    {
        "id": "349",
        "title": "Vel hic illum.",
        "genre": "Sint.",
        "duration": "407832526",
        "listeners": "417590"
    },
    {
        "id": "35",
        "title": "Sunt voluptate.",
        "genre": "Assumenda.",
        "duration": "138795559",
        "listeners": "979175"
    },
    {
        "id": "350",
        "title": "Tenetur exercitationem magni.",
        "genre": "Eligendi culpa.",
        "duration": "928380646",
        "listeners": "800717"
    },
    {
        "id": "351",
        "title": "Fugiat ut sit.",
        "genre": "Corrupti consectetur.",
        "duration": "858512570",
        "listeners": "561608"
    },
    {
        "id": "352",
        "title": "Maiores qui beatae.",
        "genre": "Ut id.",
        "duration": "1391185755",
        "listeners": "831198"
    },
    {
        "id": "353",
        "title": "Quibusdam placeat quos.",
        "genre": "Consequatur quisquam.",
        "duration": "1369999406",
        "listeners": "344944"
    },
    {
        "id": "354",
        "title": "Ullam laudantium.",
        "genre": "Et.",
        "duration": "840535159",
        "listeners": "956484"
    },
    {
        "id": "355",
        "title": "Vitae eius.",
        "genre": "Dolorem harum.",
        "duration": "1116336419",
        "listeners": "549476"
    },
    {
        "id": "356",
        "title": "Dolores sapiente.",
        "genre": "Vel corporis.",
        "duration": "1435196465",
        "listeners": "79880"
    },
    {
        "id": "357",
        "title": "Beatae voluptas.",
        "genre": "Facilis et.",
        "duration": "1581535927",
        "listeners": "339045"
    },
    {
        "id": "358",
        "title": "Doloremque adipisci consequatur.",
        "genre": "Itaque.",
        "duration": "232250197",
        "listeners": "896669"
    },
    {
        "id": "359",
        "title": "Tempora est praesentium.",
        "genre": "Minus.",
        "duration": "1591749609",
        "listeners": "819055"
    },
    {
        "id": "36",
        "title": "Repellat aut laboriosam.",
        "genre": "Et.",
        "duration": "1317389203",
        "listeners": "178377"
    },
    {
        "id": "360",
        "title": "Hic sit.",
        "genre": "Tenetur et.",
        "duration": "1276478758",
        "listeners": "392075"
    },
    {
        "id": "361",
        "title": "Amet dolor.",
        "genre": "Qui neque.",
        "duration": "1271170588",
        "listeners": "196702"
    },
    {
        "id": "362",
        "title": "Harum nulla.",
        "genre": "Veritatis repellendus.",
        "duration": "396690504",
        "listeners": "970307"
    },
    {
        "id": "363",
        "title": "Nihil sapiente.",
        "genre": "Eum consequuntur.",
        "duration": "1006047115",
        "listeners": "523617"
    },
    {
        "id": "364",
        "title": "Libero et.",
        "genre": "Sit.",
        "duration": "291447117",
        "listeners": "774307"
    },
    {
        "id": "365",
        "title": "Eveniet et optio.",
        "genre": "Itaque.",
        "duration": "1619252901",
        "listeners": "489134"
    },
    {
        "id": "366",
        "title": "Saepe odit eum.",
        "genre": "Dolorem recusandae.",
        "duration": "952845211",
        "listeners": "491058"
    },
    {
        "id": "367",
        "title": "Voluptatem dicta autem.",
        "genre": "Qui.",
        "duration": "1097477914",
        "listeners": "7036"
    },
    {
        "id": "368",
        "title": "Molestias rerum quae.",
        "genre": "Consectetur.",
        "duration": "768973444",
        "listeners": "352431"
    },
    {
        "id": "369",
        "title": "Quis ab.",
        "genre": "Qui placeat.",
        "duration": "1231658726",
        "listeners": "666816"
    },
    {
        "id": "37",
        "title": "Nisi et et.",
        "genre": "Ipsa.",
        "duration": "1396529546",
        "listeners": "829085"
    },
    {
        "id": "370",
        "title": "Est non nemo.",
        "genre": "Consectetur.",
        "duration": "107529907",
        "listeners": "758821"
    },
    {
        "id": "371",
        "title": "Hic blanditiis.",
        "genre": "Nihil.",
        "duration": "1539126505",
        "listeners": "31814"
    },
    {
        "id": "372",
        "title": "Et nemo enim.",
        "genre": "Qui illo.",
        "duration": "1239916287",
        "listeners": "245711"
    },
    {
        "id": "373",
        "title": "Voluptatem sed sed.",
        "genre": "Omnis voluptas.",
        "duration": "750609819",
        "listeners": "866317"
    },
    {
        "id": "374",
        "title": "Nemo blanditiis.",
        "genre": "Laborum.",
        "duration": "834852992",
        "listeners": "103597"
    },
    {
        "id": "375",
        "title": "Officia sed.",
        "genre": "Id animi.",
        "duration": "726655706",
        "listeners": "961495"
    },
    {
        "id": "376",
        "title": "Dolores voluptas.",
        "genre": "Ducimus.",
        "duration": "155167523",
        "listeners": "860806"
    },
    {
        "id": "377",
        "title": "Unde dignissimos.",
        "genre": "Ut nulla.",
        "duration": "1563447758",
        "listeners": "762583"
    },
    {
        "id": "378",
        "title": "Laudantium quia velit.",
        "genre": "Repudiandae.",
        "duration": "1516937241",
        "listeners": "474912"
    },
    {
        "id": "379",
        "title": "Quo distinctio perspiciatis.",
        "genre": "Autem.",
        "duration": "770369369",
        "listeners": "745218"
    },
    {
        "id": "38",
        "title": "Fuga veritatis ipsum.",
        "genre": "Itaque.",
        "duration": "349454814",
        "listeners": "24140"
    },
    {
        "id": "380",
        "title": "Eos tenetur quam.",
        "genre": "Sint ducimus.",
        "duration": "1320743368",
        "listeners": "27047"
    },
    {
        "id": "381",
        "title": "Cupiditate rerum.",
        "genre": "Aut.",
        "duration": "773677812",
        "listeners": "798233"
    },
    {
        "id": "382",
        "title": "Dolore accusantium earum.",
        "genre": "Omnis saepe.",
        "duration": "126206294",
        "listeners": "136129"
    },
    {
        "id": "383",
        "title": "Eum esse.",
        "genre": "Ut.",
        "duration": "1705518644",
        "listeners": "953586"
    },
    {
        "id": "384",
        "title": "Nemo omnis hic.",
        "genre": "In.",
        "duration": "115657508",
        "listeners": "173345"
    },
    {
        "id": "385",
        "title": "Similique totam dolores.",
        "genre": "Ipsam dolorem.",
        "duration": "864481093",
        "listeners": "508632"
    },
    {
        "id": "386",
        "title": "Sapiente dolore aut.",
        "genre": "Et.",
        "duration": "609367984",
        "listeners": "78907"
    },
    {
        "id": "387",
        "title": "Quibusdam et.",
        "genre": "Aut et.",
        "duration": "768828377",
        "listeners": "811354"
    },
    {
        "id": "388",
        "title": "Voluptatum dolore veniam.",
        "genre": "Molestiae qui.",
        "duration": "1554316731",
        "listeners": "499683"
    },
    {
        "id": "389",
        "title": "Omnis non.",
        "genre": "Et.",
        "duration": "664103768",
        "listeners": "323554"
    },
    {
        "id": "39",
        "title": "Minima rem.",
        "genre": "Dolor.",
        "duration": "578260904",
        "listeners": "173622"
    },
    {
        "id": "390",
        "title": "Molestiae quaerat molestiae.",
        "genre": "Delectus ducimus.",
        "duration": "139840789",
        "listeners": "612212"
    },
    {
        "id": "391",
        "title": "Laborum iusto et.",
        "genre": "Et ratione.",
        "duration": "1144885891",
        "listeners": "402922"
    },
    {
        "id": "392",
        "title": "Omnis atque.",
        "genre": "Quia doloribus.",
        "duration": "530349593",
        "listeners": "133291"
    },
    {
        "id": "393",
        "title": "Delectus aut.",
        "genre": "Qui.",
        "duration": "1489021250",
        "listeners": "363279"
    },
    {
        "id": "394",
        "title": "Dicta rerum sapiente.",
        "genre": "Quis.",
        "duration": "1291803259",
        "listeners": "448805"
    },
    {
        "id": "395",
        "title": "Omnis eum adipisci.",
        "genre": "Praesentium sit.",
        "duration": "595352364",
        "listeners": "243459"
    },
    {
        "id": "396",
        "title": "Corporis est.",
        "genre": "Sapiente.",
        "duration": "708565604",
        "listeners": "380784"
    },
    {
        "id": "397",
        "title": "Non numquam rerum.",
        "genre": "Nihil.",
        "duration": "1260204524",
        "listeners": "8244"
    },
    {
        "id": "398",
        "title": "Alias quam illo.",
        "genre": "Officiis.",
        "duration": "1302341531",
        "listeners": "902605"
    },
    {
        "id": "399",
        "title": "Velit cum.",
        "genre": "Quaerat voluptas.",
        "duration": "888688434",
        "listeners": "495356"
    },
    {
        "id": "4",
        "title": "Doloribus ducimus alias.",
        "genre": "Ut.",
        "duration": "523779668",
        "listeners": "881009"
    },
    {
        "id": "40",
        "title": "Quos quis quod.",
        "genre": "Corrupti.",
        "duration": "1449581415",
        "listeners": "338792"
    },
    {
        "id": "400",
        "title": "In ab.",
        "genre": "Ut temporibus.",
        "duration": "522450057",
        "listeners": "797192"
    },
    {
        "id": "401",
        "title": "Recusandae similique.",
        "genre": "Nihil.",
        "duration": "1312282663",
        "listeners": "179089"
    },
    {
        "id": "402",
        "title": "Molestiae fuga.",
        "genre": "Nesciunt ex.",
        "duration": "1495261131",
        "listeners": "888385"
    },
    {
        "id": "403",
        "title": "Inventore tenetur.",
        "genre": "Dicta eveniet.",
        "duration": "1037355731",
        "listeners": "601369"
    },
    {
        "id": "404",
        "title": "Deleniti reprehenderit.",
        "genre": "Earum.",
        "duration": "353812911",
        "listeners": "970379"
    },
    {
        "id": "405",
        "title": "Tempore eveniet.",
        "genre": "Sit.",
        "duration": "523636555",
        "listeners": "71988"
    },
    {
        "id": "406",
        "title": "Exercitationem fugiat perferendis.",
        "genre": "Modi.",
        "duration": "817731388",
        "listeners": "641618"
    },
    {
        "id": "407",
        "title": "Placeat qui similique.",
        "genre": "Dolore.",
        "duration": "311157410",
        "listeners": "728782"
    },
    {
        "id": "408",
        "title": "Numquam ullam beatae.",
        "genre": "Nam.",
        "duration": "1071355539",
        "listeners": "716012"
    },
    {
        "id": "409",
        "title": "Nulla labore et.",
        "genre": "Veniam.",
        "duration": "144265692",
        "listeners": "624545"
    },
    {
        "id": "41",
        "title": "Rerum possimus laborum.",
        "genre": "Minus reiciendis.",
        "duration": "1431199152",
        "listeners": "618423"
    },
    {
        "id": "410",
        "title": "Magni dolores et.",
        "genre": "Libero non.",
        "duration": "1297261653",
        "listeners": "722908"
    },
    {
        "id": "411",
        "title": "Blanditiis sit accusamus.",
        "genre": "Mollitia consectetur.",
        "duration": "1594894950",
        "listeners": "445724"
    },
    {
        "id": "412",
        "title": "Sit voluptas.",
        "genre": "Culpa inventore.",
        "duration": "1481608672",
        "listeners": "696150"
    },
    {
        "id": "413",
        "title": "Voluptates quidem.",
        "genre": "Veniam sed.",
        "duration": "339216659",
        "listeners": "704206"
    },
    {
        "id": "414",
        "title": "Consequatur consectetur.",
        "genre": "Quasi.",
        "duration": "113331635",
        "listeners": "44188"
    },
    {
        "id": "415",
        "title": "Culpa in.",
        "genre": "Earum.",
        "duration": "345982984",
        "listeners": "570031"
    },
    {
        "id": "416",
        "title": "Impedit illo.",
        "genre": "Eveniet nisi.",
        "duration": "1112600834",
        "listeners": "668556"
    },
    {
        "id": "417",
        "title": "Quia corrupti.",
        "genre": "Iusto cum.",
        "duration": "1414768268",
        "listeners": "364142"
    },
    {
        "id": "418",
        "title": "Pariatur odit inventore.",
        "genre": "Eius.",
        "duration": "1592525493",
        "listeners": "112392"
    },
    {
        "id": "419",
        "title": "Placeat ipsa.",
        "genre": "Exercitationem ea.",
        "duration": "1387194351",
        "listeners": "850487"
    },
    {
        "id": "42",
        "title": "Quibusdam sit debitis.",
        "genre": "Veniam.",
        "duration": "113082201",
        "listeners": "293629"
    },
    {
        "id": "420",
        "title": "Est voluptatem molestias.",
        "genre": "Eos.",
        "duration": "1430335035",
        "listeners": "330919"
    },
    {
        "id": "421",
        "title": "Sed officia.",
        "genre": "Cupiditate.",
        "duration": "1067833031",
        "listeners": "602945"
    },
    {
        "id": "422",
        "title": "Suscipit perferendis repudiandae.",
        "genre": "Dignissimos mollitia.",
        "duration": "1632412575",
        "listeners": "338784"
    },
    {
        "id": "423",
        "title": "Deleniti ab et.",
        "genre": "Voluptatibus.",
        "duration": "744133433",
        "listeners": "813979"
    },
    {
        "id": "424",
        "title": "Sed voluptatem.",
        "genre": "Qui commodi.",
        "duration": "1440804530",
        "listeners": "69659"
    },
    {
        "id": "425",
        "title": "Id quasi.",
        "genre": "Ut aperiam.",
        "duration": "23840667",
        "listeners": "932845"
    },
    {
        "id": "426",
        "title": "Numquam aut sed.",
        "genre": "Et.",
        "duration": "1019209335",
        "listeners": "551388"
    },
    {
        "id": "427",
        "title": "Ratione modi.",
        "genre": "Expedita eveniet.",
        "duration": "769159179",
        "listeners": "183960"
    },
    {
        "id": "428",
        "title": "Quisquam suscipit.",
        "genre": "Natus et.",
        "duration": "86915392",
        "listeners": "988855"
    },
    {
        "id": "429",
        "title": "Ut velit.",
        "genre": "Voluptatibus.",
        "duration": "1687283840",
        "listeners": "874189"
    },
    {
        "id": "43",
        "title": "Modi eveniet occaecati.",
        "genre": "Animi saepe.",
        "duration": "1344151054",
        "listeners": "374618"
    },
    {
        "id": "430",
        "title": "Reiciendis dolor labore.",
        "genre": "Modi consectetur.",
        "duration": "1217219312",
        "listeners": "549274"
    },
    {
        "id": "431",
        "title": "Voluptas vel.",
        "genre": "Esse.",
        "duration": "1464474800",
        "listeners": "239216"
    },
    {
        "id": "432",
        "title": "Dolorem culpa.",
        "genre": "Animi est.",
        "duration": "1126254349",
        "listeners": "652471"
    },
    {
        "id": "433",
        "title": "Quo enim qui.",
        "genre": "Quibusdam sit.",
        "duration": "341682804",
        "listeners": "990912"
    },
    {
        "id": "434",
        "title": "Aperiam omnis consequatur.",
        "genre": "Velit.",
        "duration": "902594359",
        "listeners": "19593"
    },
    {
        "id": "435",
        "title": "Vitae vel.",
        "genre": "Porro.",
        "duration": "883495592",
        "listeners": "631645"
    },
    {
        "id": "436",
        "title": "Saepe quis.",
        "genre": "A.",
        "duration": "1679418093",
        "listeners": "924620"
    },
    {
        "id": "437",
        "title": "Neque vitae.",
        "genre": "Et ullam.",
        "duration": "80500071",
        "listeners": "747851"
    },
    {
        "id": "438",
        "title": "Debitis rem distinctio.",
        "genre": "Corporis sit.",
        "duration": "1214787807",
        "listeners": "616678"
    },
    {
        "id": "439",
        "title": "Ratione perferendis.",
        "genre": "Rem debitis.",
        "duration": "305197197",
        "listeners": "263343"
    },
    {
        "id": "44",
        "title": "Iusto animi.",
        "genre": "Id commodi.",
        "duration": "297190634",
        "listeners": "287011"
    },
    {
        "id": "440",
        "title": "Dolore perspiciatis ut.",
        "genre": "Aut facilis.",
        "duration": "1072117777",
        "listeners": "112725"
    },
    {
        "id": "441",
        "title": "Quia omnis architecto.",
        "genre": "Eveniet ex.",
        "duration": "558730162",
        "listeners": "789746"
    },
    {
        "id": "442",
        "title": "Enim sed aut.",
        "genre": "Dolorem.",
        "duration": "765641049",
        "listeners": "735588"
    },
    {
        "id": "443",
        "title": "Possimus quia laboriosam.",
        "genre": "In voluptatem.",
        "duration": "167737501",
        "listeners": "911370"
    },
    {
        "id": "444",
        "title": "Praesentium veniam ipsum.",
        "genre": "Dolorem consequatur.",
        "duration": "1551035306",
        "listeners": "462648"
    },
    {
        "id": "445",
        "title": "Distinctio rem.",
        "genre": "Consequuntur.",
        "duration": "1609414350",
        "listeners": "715378"
    },
    {
        "id": "446",
        "title": "Quis omnis.",
        "genre": "Sed.",
        "duration": "1315874725",
        "listeners": "725726"
    },
    {
        "id": "447",
        "title": "Natus sed ex.",
        "genre": "Totam.",
        "duration": "313963836",
        "listeners": "425291"
    },
    {
        "id": "448",
        "title": "Sed consequatur perspiciatis.",
        "genre": "Voluptates.",
        "duration": "1908058",
        "listeners": "521077"
    },
    {
        "id": "449",
        "title": "Odit in saepe.",
        "genre": "Et.",
        "duration": "1060871146",
        "listeners": "43217"
    },
    {
        "id": "45",
        "title": "Reprehenderit qui quos.",
        "genre": "Atque.",
        "duration": "1535989164",
        "listeners": "910069"
    },
    {
        "id": "450",
        "title": "Nobis repellat consequatur.",
        "genre": "Quis.",
        "duration": "559008417",
        "listeners": "896538"
    },
    {
        "id": "451",
        "title": "Sed sit officiis.",
        "genre": "Libero ut.",
        "duration": "307298377",
        "listeners": "276641"
    },
    {
        "id": "452",
        "title": "Molestias qui.",
        "genre": "Ducimus.",
        "duration": "237122306",
        "listeners": "356238"
    },
    {
        "id": "453",
        "title": "Alias necessitatibus.",
        "genre": "Quidem hic.",
        "duration": "216733635",
        "listeners": "373777"
    },
    {
        "id": "454",
        "title": "Non natus.",
        "genre": "Ducimus architecto.",
        "duration": "101681284",
        "listeners": "267343"
    },
    {
        "id": "455",
        "title": "Quis est.",
        "genre": "Fuga rerum.",
        "duration": "682664363",
        "listeners": "498469"
    },
    {
        "id": "456",
        "title": "Ad quia voluptatem.",
        "genre": "At.",
        "duration": "1407941709",
        "listeners": "672053"
    },
    {
        "id": "457",
        "title": "Mollitia eius.",
        "genre": "Reiciendis.",
        "duration": "960222218",
        "listeners": "240557"
    },
    {
        "id": "458",
        "title": "Quibusdam consequatur quae.",
        "genre": "Et.",
        "duration": "69923273",
        "listeners": "196996"
    },
    {
        "id": "459",
        "title": "Aut minus.",
        "genre": "Provident eius.",
        "duration": "661259187",
        "listeners": "24400"
    },
    {
        "id": "46",
        "title": "Eaque voluptate.",
        "genre": "Eius.",
        "duration": "741250103",
        "listeners": "118244"
    },
    {
        "id": "460",
        "title": "Officiis qui quia.",
        "genre": "Possimus.",
        "duration": "1457542236",
        "listeners": "831578"
    },
    {
        "id": "461",
        "title": "Sint quas.",
        "genre": "Sint sint.",
        "duration": "1410952204",
        "listeners": "867006"
    },
    {
        "id": "462",
        "title": "Fugit in harum.",
        "genre": "Eveniet.",
        "duration": "1003804814",
        "listeners": "629897"
    },
    {
        "id": "463",
        "title": "Et voluptatem.",
        "genre": "Et.",
        "duration": "41750125",
        "listeners": "183790"
    },
    {
        "id": "464",
        "title": "Omnis rem.",
        "genre": "Et culpa.",
        "duration": "1105352561",
        "listeners": "818998"
    },
    {
        "id": "465",
        "title": "Suscipit autem.",
        "genre": "Deleniti.",
        "duration": "1319854634",
        "listeners": "470271"
    },
    {
        "id": "466",
        "title": "Mollitia blanditiis laudantium.",
        "genre": "Voluptatem.",
        "duration": "104804032",
        "listeners": "695658"
    },
    {
        "id": "467",
        "title": "Deserunt quidem incidunt.",
        "genre": "Dicta.",
        "duration": "738088040",
        "listeners": "33791"
    },
    {
        "id": "468",
        "title": "Et quasi.",
        "genre": "Ut vitae.",
        "duration": "1541839187",
        "listeners": "743570"
    },
    {
        "id": "469",
        "title": "Quod odio.",
        "genre": "Rerum.",
        "duration": "127975435",
        "listeners": "925318"
    },
    {
        "id": "47",
        "title": "Est tenetur ut.",
        "genre": "Cupiditate.",
        "duration": "1147990102",
        "listeners": "868569"
    },
    {
        "id": "470",
        "title": "Possimus est.",
        "genre": "Velit.",
        "duration": "1326204744",
        "listeners": "289786"
    },
    {
        "id": "471",
        "title": "In delectus.",
        "genre": "Dignissimos quia.",
        "duration": "806710351",
        "listeners": "630595"
    },
    {
        "id": "472",
        "title": "Nam iure quo.",
        "genre": "Omnis esse.",
        "duration": "437519085",
        "listeners": "718350"
    },
    {
        "id": "473",
        "title": "Enim et nobis.",
        "genre": "Quasi.",
        "duration": "1570958099",
        "listeners": "775069"
    },
    {
        "id": "474",
        "title": "Autem ut.",
        "genre": "Modi.",
        "duration": "1151476111",
        "listeners": "907747"
    },
    {
        "id": "475",
        "title": "Repellendus sit molestiae.",
        "genre": "Asperiores autem.",
        "duration": "847290301",
        "listeners": "276617"
    },
    {
        "id": "476",
        "title": "Cupiditate autem non.",
        "genre": "Esse.",
        "duration": "732549105",
        "listeners": "921484"
    },
    {
        "id": "477",
        "title": "Fugit quia.",
        "genre": "Non nobis.",
        "duration": "1172097014",
        "listeners": "392820"
    },
    {
        "id": "478",
        "title": "Esse aspernatur occaecati.",
        "genre": "Consectetur.",
        "duration": "1359891222",
        "listeners": "950870"
    },
    {
        "id": "479",
        "title": "Magnam error.",
        "genre": "Ea blanditiis.",
        "duration": "1458283066",
        "listeners": "440785"
    },
    {
        "id": "48",
        "title": "Itaque iusto quia.",
        "genre": "Id maxime.",
        "duration": "896409459",
        "listeners": "444668"
    },
    {
        "id": "480",
        "title": "Officiis alias id.",
        "genre": "Quas nostrum.",
        "duration": "1242991763",
        "listeners": "670619"
    },
    {
        "id": "481",
        "title": "Vel sit voluptas.",
        "genre": "Minus.",
        "duration": "1491652396",
        "listeners": "48017"
    },
    {
        "id": "482",
        "title": "Voluptate qui est.",
        "genre": "Et aut.",
        "duration": "313589734",
        "listeners": "518676"
    },
    {
        "id": "483",
        "title": "Possimus et ipsa.",
        "genre": "Hic voluptatibus.",
        "duration": "1416065577",
        "listeners": "823527"
    },
    {
        "id": "484",
        "title": "Aut officia et.",
        "genre": "Voluptatem ipsam.",
        "duration": "129549177",
        "listeners": "410168"
    },
    {
        "id": "485",
        "title": "Ea architecto et.",
        "genre": "Vel.",
        "duration": "413914078",
        "listeners": "39903"
    },
    {
        "id": "486",
        "title": "Facilis labore.",
        "genre": "Eius.",
        "duration": "674972975",
        "listeners": "795436"
    },
    {
        "id": "487",
        "title": "Laborum explicabo.",
        "genre": "Consequatur molestias.",
        "duration": "755399758",
        "listeners": "861737"
    },
    {
        "id": "488",
        "title": "Odit officiis.",
        "genre": "Pariatur.",
        "duration": "316091158",
        "listeners": "895592"
    },
    {
        "id": "489",
        "title": "Reprehenderit aliquid in.",
        "genre": "Laudantium.",
        "duration": "43364727",
        "listeners": "466789"
    },
    {
        "id": "49",
        "title": "Nemo debitis.",
        "genre": "Vel.",
        "duration": "1021722782",
        "listeners": "839663"
    },
    {
        "id": "490",
        "title": "Porro fugiat est.",
        "genre": "Enim.",
        "duration": "109300393",
        "listeners": "454612"
    },
    {
        "id": "491",
        "title": "Rerum omnis.",
        "genre": "Dolorem quo.",
        "duration": "1123923743",
        "listeners": "536444"
    },
    {
        "id": "492",
        "title": "Voluptas non.",
        "genre": "Laudantium corrupti.",
        "duration": "224951502",
        "listeners": "895627"
    },
    {
        "id": "493",
        "title": "Aliquid provident impedit.",
        "genre": "Id explicabo.",
        "duration": "1146492481",
        "listeners": "644542"
    },
    {
        "id": "494",
        "title": "Tempore qui.",
        "genre": "Deserunt.",
        "duration": "1127668976",
        "listeners": "963179"
    },
    {
        "id": "495",
        "title": "Odit voluptas asperiores.",
        "genre": "Sit magnam.",
        "duration": "913691638",
        "listeners": "884982"
    },
    {
        "id": "496",
        "title": "Id alias animi.",
        "genre": "Ullam.",
        "duration": "1662256924",
        "listeners": "328625"
    },
    {
        "id": "497",
        "title": "Eum nostrum dignissimos.",
        "genre": "Molestiae sit.",
        "duration": "327848955",
        "listeners": "844450"
    },
    {
        "id": "498",
        "title": "Alias est explicabo.",
        "genre": "Ab quisquam.",
        "duration": "908585461",
        "listeners": "378414"
    },
    {
        "id": "499",
        "title": "Consequuntur sunt.",
        "genre": "Rerum.",
        "duration": "1144154455",
        "listeners": "414067"
    },
    {
        "id": "5",
        "title": "Dolores ea neque.",
        "genre": "Aliquam.",
        "duration": "143810558",
        "listeners": "995043"
    },
    {
        "id": "50",
        "title": "Est nulla et.",
        "genre": "Omnis officiis.",
        "duration": "32725913",
        "listeners": "471923"
    },
    {
        "id": "500",
        "title": "Sed ea.",
        "genre": "Sed est.",
        "duration": "1257529838",
        "listeners": "440245"
    },
    {
        "id": "51",
        "title": "Hic omnis doloribus.",
        "genre": "Beatae.",
        "duration": "1243656601",
        "listeners": "872872"
    },
    {
        "id": "52",
        "title": "Ex itaque rerum.",
        "genre": "Accusamus ut.",
        "duration": "1231656564",
        "listeners": "268891"
    },
    {
        "id": "53",
        "title": "Quibusdam ipsa.",
        "genre": "Error.",
        "duration": "260557466",
        "listeners": "920306"
    },
    {
        "id": "54",
        "title": "Ut voluptas.",
        "genre": "Soluta.",
        "duration": "544669353",
        "listeners": "301414"
    },
    {
        "id": "55",
        "title": "Modi aperiam.",
        "genre": "Cum.",
        "duration": "442964668",
        "listeners": "49078"
    },
    {
        "id": "56",
        "title": "Quae minus.",
        "genre": "Beatae qui.",
        "duration": "1120141421",
        "listeners": "350124"
    },
    {
        "id": "57",
        "title": "Vitae est impedit.",
        "genre": "Ipsam.",
        "duration": "982737515",
        "listeners": "900358"
    },
    {
        "id": "58",
        "title": "Qui aut ut.",
        "genre": "Corrupti saepe.",
        "duration": "561624079",
        "listeners": "631281"
    },
    {
        "id": "59",
        "title": "Dignissimos sit enim.",
        "genre": "Quos voluptatibus.",
        "duration": "113948091",
        "listeners": "427176"
    },
    {
        "id": "6",
        "title": "Ab hic.",
        "genre": "Dolorem.",
        "duration": "701590144",
        "listeners": "798103"
    },
    {
        "id": "60",
        "title": "Dolorum iusto dicta.",
        "genre": "Eius non.",
        "duration": "1067747842",
        "listeners": "180177"
    },
    {
        "id": "61",
        "title": "Consequuntur consequatur voluptatibus.",
        "genre": "Ipsum omnis.",
        "duration": "397709424",
        "listeners": "535595"
    },
    {
        "id": "62",
        "title": "Expedita natus.",
        "genre": "Saepe nobis.",
        "duration": "545284275",
        "listeners": "671033"
    },
    {
        "id": "63",
        "title": "Rerum doloribus.",
        "genre": "Temporibus qui.",
        "duration": "648236438",
        "listeners": "13150"
    },
    {
        "id": "64",
        "title": "Qui aliquid.",
        "genre": "Distinctio.",
        "duration": "774506474",
        "listeners": "185933"
    },
    {
        "id": "65",
        "title": "Rerum numquam.",
        "genre": "Voluptate illo.",
        "duration": "420827383",
        "listeners": "318647"
    },
    {
        "id": "66",
        "title": "At reprehenderit temporibus.",
        "genre": "Suscipit.",
        "duration": "1438967898",
        "listeners": "503764"
    },
    {
        "id": "67",
        "title": "Vel tempore.",
        "genre": "At sequi.",
        "duration": "926858702",
        "listeners": "867252"
    },
    {
        "id": "68",
        "title": "Voluptatem dolorem.",
        "genre": "Voluptas.",
        "duration": "675787312",
        "listeners": "609783"
    },
    {
        "id": "69",
        "title": "Voluptate distinctio doloremque.",
        "genre": "Sed inventore.",
        "duration": "1088552699",
        "listeners": "312854"
    },
    {
        "id": "7",
        "title": "Doloremque vero nostrum.",
        "genre": "Voluptatem.",
        "duration": "1081579041",
        "listeners": "812992"
    },
    {
        "id": "70",
        "title": "Labore molestias.",
        "genre": "Sint.",
        "duration": "698565076",
        "listeners": "373759"
    },
    {
        "id": "71",
        "title": "Qui numquam.",
        "genre": "Natus exercitationem.",
        "duration": "252772497",
        "listeners": "872917"
    },
    {
        "id": "72",
        "title": "Quo nesciunt.",
        "genre": "Architecto est.",
        "duration": "1276898764",
        "listeners": "589410"
    },
    {
        "id": "73",
        "title": "Nostrum incidunt.",
        "genre": "Excepturi.",
        "duration": "457794597",
        "listeners": "500747"
    },
    {
        "id": "74",
        "title": "Et numquam.",
        "genre": "Porro repellat.",
        "duration": "1605789029",
        "listeners": "264676"
    },
    {
        "id": "75",
        "title": "Debitis exercitationem officiis.",
        "genre": "Doloremque ut.",
        "duration": "1678134983",
        "listeners": "507702"
    },
    {
        "id": "76",
        "title": "Incidunt alias magni.",
        "genre": "Voluptates.",
        "duration": "256522203",
        "listeners": "880058"
    },
    {
        "id": "77",
        "title": "Ut sit.",
        "genre": "Ipsum velit.",
        "duration": "1378755072",
        "listeners": "615172"
    },
    {
        "id": "78",
        "title": "Dignissimos tempore.",
        "genre": "Enim est.",
        "duration": "302216740",
        "listeners": "46396"
    },
    {
        "id": "79",
        "title": "Quia doloribus.",
        "genre": "Ipsam.",
        "duration": "793582330",
        "listeners": "626183"
    },
    {
        "id": "8",
        "title": "Veniam qui aut.",
        "genre": "Iure autem.",
        "duration": "391497192",
        "listeners": "113000"
    },
    {
        "id": "80",
        "title": "Magnam id.",
        "genre": "Provident rerum.",
        "duration": "987824402",
        "listeners": "742586"
    },
    {
        "id": "81",
        "title": "Est repellat eum.",
        "genre": "Nobis eos.",
        "duration": "436121456",
        "listeners": "99769"
    },
    {
        "id": "82",
        "title": "Molestias saepe.",
        "genre": "Soluta.",
        "duration": "1134416554",
        "listeners": "528722"
    },
    {
        "id": "83",
        "title": "Velit ipsam.",
        "genre": "Quod fugiat.",
        "duration": "1572839416",
        "listeners": "461522"
    },
    {
        "id": "84",
        "title": "Repellat earum aperiam.",
        "genre": "Quod rerum.",
        "duration": "327617842",
        "listeners": "689411"
    },
    {
        "id": "85",
        "title": "Unde sit.",
        "genre": "Omnis nihil.",
        "duration": "1041670385",
        "listeners": "555630"
    },
    {
        "id": "86",
        "title": "Perferendis est.",
        "genre": "Iste.",
        "duration": "69798494",
        "listeners": "502877"
    },
    {
        "id": "87",
        "title": "Sit ea voluptatibus.",
        "genre": "Consectetur.",
        "duration": "680045657",
        "listeners": "253653"
    },
    {
        "id": "88",
        "title": "Voluptas non itaque.",
        "genre": "Ut.",
        "duration": "1422957746",
        "listeners": "679373"
    },
    {
        "id": "89",
        "title": "Et sed accusantium.",
        "genre": "Assumenda.",
        "duration": "643763113",
        "listeners": "900582"
    },
    {
        "id": "9",
        "title": "Explicabo doloremque.",
        "genre": "Et id.",
        "duration": "371932105",
        "listeners": "250672"
    },
    {
        "id": "90",
        "title": "Et rerum alias.",
        "genre": "Totam aliquam.",
        "duration": "818058970",
        "listeners": "411341"
    },
    {
        "id": "91",
        "title": "Ipsam ullam quis.",
        "genre": "Blanditiis ut.",
        "duration": "410034487",
        "listeners": "513155"
    },
    {
        "id": "92",
        "title": "Aut dolor.",
        "genre": "Corporis quia.",
        "duration": "983714995",
        "listeners": "318825"
    },
    {
        "id": "93",
        "title": "Cupiditate tempora.",
        "genre": "Aliquam.",
        "duration": "1623477999",
        "listeners": "186227"
    },
    {
        "id": "94",
        "title": "Ut dolores.",
        "genre": "Repudiandae non.",
        "duration": "799540012",
        "listeners": "513315"
    },
    {
        "id": "95",
        "title": "Officia ratione.",
        "genre": "Quisquam et.",
        "duration": "1122952054",
        "listeners": "273113"
    },
    {
        "id": "96",
        "title": "Iure temporibus.",
        "genre": "Ut.",
        "duration": "1094273273",
        "listeners": "280170"
    },
    {
        "id": "97",
        "title": "A voluptatibus distinctio.",
        "genre": "Eligendi.",
        "duration": "1065726016",
        "listeners": "758266"
    },
    {
        "id": "98",
        "title": "Et voluptas saepe.",
        "genre": "Deserunt.",
        "duration": "1198018779",
        "listeners": "382883"
    },
    {
        "id": "99",
        "title": "Qui quis.",
        "genre": "Dolor.",
        "duration": "569597835",
        "listeners": "884566"
    }
]