[
    {
        "song_id": "142",
        "artist_id": "114"
    },
    {
        "song_id": "481",
        "artist_id": "83"
    },
    {
        "song_id": "482",
        "artist_id": "480"
    },
    {
        "song_id": "16",
        "artist_id": "143"
    },
    {
        "song_id": "319",
        "artist_id": "411"
    },
    {
        "song_id": "203",
        "artist_id": "183"
    },
    {
        "song_id": "122",
        "artist_id": "137"
    },
    {
        "song_id": "357",
        "artist_id": "84"
    },
    {
        "song_id": "282",
        "artist_id": "417"
    },
    {
        "song_id": "29",
        "artist_id": "416"
    },
    {
        "song_id": "216",
        "artist_id": "458"
    },
    {
        "song_id": "439",
        "artist_id": "38"
    },
    {
        "song_id": "175",
        "artist_id": "147"
    },
    {
        "song_id": "468",
        "artist_id": "248"
    },
    {
        "song_id": "35",
        "artist_id": "304"
    },
    {
        "song_id": "58",
        "artist_id": "210"
    },
    {
        "song_id": "449",
        "artist_id": "206"
    },
    {
        "song_id": "202",
        "artist_id": "193"
    },
    {
        "song_id": "288",
        "artist_id": "86"
    },
    {
        "song_id": "196",
        "artist_id": "433"
    },
    {
        "song_id": "359",
        "artist_id": "473"
    },
    {
        "song_id": "323",
        "artist_id": "441"
    },
    {
        "song_id": "91",
        "artist_id": "204"
    },
    {
        "song_id": "168",
        "artist_id": "329"
    },
    {
        "song_id": "301",
        "artist_id": "340"
    },
    {
        "song_id": "24",
        "artist_id": "47"
    },
    {
        "song_id": "302",
        "artist_id": "463"
    },
    {
        "song_id": "429",
        "artist_id": "157"
    },
    {
        "song_id": "313",
        "artist_id": "279"
    },
    {
        "song_id": "267",
        "artist_id": "341"
    },
    {
        "song_id": "177",
        "artist_id": "500"
    },
    {
        "song_id": "315",
        "artist_id": "440"
    },
    {
        "song_id": "443",
        "artist_id": "40"
    },
    {
        "song_id": "304",
        "artist_id": "165"
    },
    {
        "song_id": "137",
        "artist_id": "343"
    },
    {
        "song_id": "87",
        "artist_id": "37"
    },
    {
        "song_id": "201",
        "artist_id": "262"
    },
    {
        "song_id": "499",
        "artist_id": "392"
    },
    {
        "song_id": "145",
        "artist_id": "431"
    },
    {
        "song_id": "427",
        "artist_id": "319"
    },
    {
        "song_id": "219",
        "artist_id": "404"
    },
    {
        "song_id": "156",
        "artist_id": "200"
    },
    {
        "song_id": "267",
        "artist_id": "87"
    },
    {
        "song_id": "111",
        "artist_id": "5"
    },
    {
        "song_id": "267",
        "artist_id": "58"
    },
    {
        "song_id": "465",
        "artist_id": "94"
    },
    {
        "song_id": "41",
        "artist_id": "269"
    },
    {
        "song_id": "301",
        "artist_id": "297"
    },
    {
        "song_id": "365",
        "artist_id": "255"
    },
    {
        "song_id": "148",
        "artist_id": "145"
    },
    {
        "song_id": "222",
        "artist_id": "6"
    },
    {
        "song_id": "208",
        "artist_id": "180"
    },
    {
        "song_id": "376",
        "artist_id": "191"
    },
    {
        "song_id": "181",
        "artist_id": "492"
    },
    {
        "song_id": "222",
        "artist_id": "90"
    },
    {
        "song_id": "473",
        "artist_id": "17"
    },
    {
        "song_id": "276",
        "artist_id": "301"
    },
    {
        "song_id": "44",
        "artist_id": "92"
    },
    {
        "song_id": "473",
        "artist_id": "279"
    },
    {
        "song_id": "4",
        "artist_id": "450"
    },
    {
        "song_id": "421",
        "artist_id": "470"
    },
    {
        "song_id": "397",
        "artist_id": "221"
    },
    {
        "song_id": "183",
        "artist_id": "311"
    },
    {
        "song_id": "81",
        "artist_id": "291"
    },
    {
        "song_id": "411",
        "artist_id": "485"
    },
    {
        "song_id": "253",
        "artist_id": "472"
    },
    {
        "song_id": "76",
        "artist_id": "370"
    },
    {
        "song_id": "190",
        "artist_id": "371"
    },
    {
        "song_id": "372",
        "artist_id": "307"
    },
    {
        "song_id": "12",
        "artist_id": "176"
    },
    {
        "song_id": "42",
        "artist_id": "443"
    },
    {
        "song_id": "226",
        "artist_id": "335"
    },
    {
        "song_id": "456",
        "artist_id": "453"
    },
    {
        "song_id": "381",
        "artist_id": "158"
    },
    {
        "song_id": "449",
        "artist_id": "442"
    },
    {
        "song_id": "277",
        "artist_id": "146"
    },
    {
        "song_id": "411",
        "artist_id": "331"
    },
    {
        "song_id": "43",
        "artist_id": "56"
    },
    {
        "song_id": "441",
        "artist_id": "298"
    },
    {
        "song_id": "329",
        "artist_id": "408"
    },
    {
        "song_id": "143",
        "artist_id": "125"
    },
    {
        "song_id": "220",
        "artist_id": "398"
    },
    {
        "song_id": "291",
        "artist_id": "183"
    },
    {
        "song_id": "153",
        "artist_id": "80"
    },
    {
        "song_id": "154",
        "artist_id": "192"
    },
    {
        "song_id": "83",
        "artist_id": "132"
    },
    {
        "song_id": "461",
        "artist_id": "23"
    },
    {
        "song_id": "9",
        "artist_id": "31"
    },
    {
        "song_id": "98",
        "artist_id": "297"
    },
    {
        "song_id": "373",
        "artist_id": "170"
    },
    {
        "song_id": "2",
        "artist_id": "89"
    },
    {
        "song_id": "171",
        "artist_id": "276"
    },
    {
        "song_id": "60",
        "artist_id": "215"
    },
    {
        "song_id": "446",
        "artist_id": "359"
    },
    {
        "song_id": "258",
        "artist_id": "442"
    },
    {
        "song_id": "420",
        "artist_id": "60"
    },
    {
        "song_id": "245",
        "artist_id": "220"
    },
    {
        "song_id": "389",
        "artist_id": "342"
    },
    {
        "song_id": "445",
        "artist_id": "17"
    },
    {
        "song_id": "352",
        "artist_id": "235"
    },
    {
        "song_id": "476",
        "artist_id": "163"
    },
    {
        "song_id": "119",
        "artist_id": "214"
    },
    {
        "song_id": "205",
        "artist_id": "462"
    },
    {
        "song_id": "192",
        "artist_id": "328"
    },
    {
        "song_id": "218",
        "artist_id": "61"
    },
    {
        "song_id": "191",
        "artist_id": "278"
    },
    {
        "song_id": "251",
        "artist_id": "131"
    },
    {
        "song_id": "211",
        "artist_id": "168"
    },
    {
        "song_id": "263",
        "artist_id": "134"
    },
    {
        "song_id": "383",
        "artist_id": "138"
    },
    {
        "song_id": "258",
        "artist_id": "139"
    },
    {
        "song_id": "187",
        "artist_id": "473"
    },
    {
        "song_id": "29",
        "artist_id": "258"
    },
    {
        "song_id": "437",
        "artist_id": "423"
    },
    {
        "song_id": "220",
        "artist_id": "246"
    },
    {
        "song_id": "262",
        "artist_id": "480"
    },
    {
        "song_id": "27",
        "artist_id": "452"
    },
    {
        "song_id": "434",
        "artist_id": "237"
    },
    {
        "song_id": "258",
        "artist_id": "309"
    },
    {
        "song_id": "325",
        "artist_id": "173"
    },
    {
        "song_id": "480",
        "artist_id": "310"
    },
    {
        "song_id": "361",
        "artist_id": "391"
    },
    {
        "song_id": "280",
        "artist_id": "47"
    },
    {
        "song_id": "43",
        "artist_id": "224"
    },
    {
        "song_id": "256",
        "artist_id": "208"
    },
    {
        "song_id": "453",
        "artist_id": "389"
    },
    {
        "song_id": "351",
        "artist_id": "45"
    },
    {
        "song_id": "55",
        "artist_id": "452"
    },
    {
        "song_id": "312",
        "artist_id": "333"
    },
    {
        "song_id": "334",
        "artist_id": "443"
    },
    {
        "song_id": "363",
        "artist_id": "405"
    },
    {
        "song_id": "242",
        "artist_id": "90"
    },
    {
        "song_id": "128",
        "artist_id": "465"
    },
    {
        "song_id": "176",
        "artist_id": "218"
    },
    {
        "song_id": "452",
        "artist_id": "423"
    },
    {
        "song_id": "81",
        "artist_id": "203"
    },
    {
        "song_id": "3",
        "artist_id": "185"
    },
    {
        "song_id": "262",
        "artist_id": "227"
    },
    {
        "song_id": "463",
        "artist_id": "328"
    },
    {
        "song_id": "20",
        "artist_id": "235"
    },
    {
        "song_id": "287",
        "artist_id": "201"
    },
    {
        "song_id": "201",
        "artist_id": "498"
    },
    {
        "song_id": "406",
        "artist_id": "183"
    },
    {
        "song_id": "136",
        "artist_id": "118"
    },
    {
        "song_id": "165",
        "artist_id": "191"
    },
    {
        "song_id": "195",
        "artist_id": "151"
    },
    {
        "song_id": "243",
        "artist_id": "230"
    },
    {
        "song_id": "97",
        "artist_id": "495"
    },
    {
        "song_id": "476",
        "artist_id": "111"
    },
    {
        "song_id": "105",
        "artist_id": "477"
    },
    {
        "song_id": "285",
        "artist_id": "2"
    },
    {
        "song_id": "239",
        "artist_id": "266"
    },
    {
        "song_id": "218",
        "artist_id": "462"
    },
    {
        "song_id": "284",
        "artist_id": "498"
    },
    {
        "song_id": "199",
        "artist_id": "27"
    },
    {
        "song_id": "213",
        "artist_id": "20"
    },
    {
        "song_id": "314",
        "artist_id": "351"
    },
    {
        "song_id": "256",
        "artist_id": "184"
    },
    {
        "song_id": "458",
        "artist_id": "91"
    },
    {
        "song_id": "227",
        "artist_id": "200"
    },
    {
        "song_id": "146",
        "artist_id": "289"
    },
    {
        "song_id": "111",
        "artist_id": "275"
    },
    {
        "song_id": "367",
        "artist_id": "72"
    },
    {
        "song_id": "430",
        "artist_id": "367"
    },
    {
        "song_id": "289",
        "artist_id": "347"
    },
    {
        "song_id": "468",
        "artist_id": "495"
    },
    {
        "song_id": "122",
        "artist_id": "166"
    },
    {
        "song_id": "33",
        "artist_id": "397"
    },
    {
        "song_id": "338",
        "artist_id": "148"
    },
    {
        "song_id": "18",
        "artist_id": "182"
    },
    {
        "song_id": "29",
        "artist_id": "169"
    },
    {
        "song_id": "210",
        "artist_id": "300"
    },
    {
        "song_id": "325",
        "artist_id": "359"
    },
    {
        "song_id": "489",
        "artist_id": "399"
    },
    {
        "song_id": "139",
        "artist_id": "191"
    },
    {
        "song_id": "226",
        "artist_id": "213"
    },
    {
        "song_id": "129",
        "artist_id": "155"
    },
    {
        "song_id": "107",
        "artist_id": "196"
    },
    {
        "song_id": "381",
        "artist_id": "425"
    },
    {
        "song_id": "354",
        "artist_id": "500"
    },
    {
        "song_id": "206",
        "artist_id": "135"
    },
    {
        "song_id": "254",
        "artist_id": "222"
    },
    {
        "song_id": "431",
        "artist_id": "117"
    },
    {
        "song_id": "215",
        "artist_id": "67"
    },
    {
        "song_id": "457",
        "artist_id": "336"
    },
    {
        "song_id": "135",
        "artist_id": "257"
    },
    {
        "song_id": "210",
        "artist_id": "487"
    },
    {
        "song_id": "274",
        "artist_id": "254"
    },
    {
        "song_id": "334",
        "artist_id": "337"
    },
    {
        "song_id": "286",
        "artist_id": "68"
    },
    {
        "song_id": "492",
        "artist_id": "296"
    },
    {
        "song_id": "75",
        "artist_id": "338"
    },
    {
        "song_id": "399",
        "artist_id": "107"
    },
    {
        "song_id": "343",
        "artist_id": "472"
    },
    {
        "song_id": "181",
        "artist_id": "383"
    },
    {
        "song_id": "271",
        "artist_id": "144"
    },
    {
        "song_id": "88",
        "artist_id": "40"
    },
    {
        "song_id": "221",
        "artist_id": "235"
    },
    {
        "song_id": "4",
        "artist_id": "275"
    },
    {
        "song_id": "178",
        "artist_id": "127"
    },
    {
        "song_id": "395",
        "artist_id": "221"
    },
    {
        "song_id": "116",
        "artist_id": "249"
    },
    {
        "song_id": "333",
        "artist_id": "493"
    },
    {
        "song_id": "373",
        "artist_id": "265"
    },
    {
        "song_id": "320",
        "artist_id": "12"
    },
    {
        "song_id": "97",
        "artist_id": "206"
    },
    {
        "song_id": "153",
        "artist_id": "238"
    },
    {
        "song_id": "104",
        "artist_id": "281"
    },
    {
        "song_id": "350",
        "artist_id": "496"
    },
    {
        "song_id": "264",
        "artist_id": "252"
    },
    {
        "song_id": "339",
        "artist_id": "383"
    },
    {
        "song_id": "264",
        "artist_id": "475"
    },
    {
        "song_id": "76",
        "artist_id": "259"
    },
    {
        "song_id": "308",
        "artist_id": "55"
    },
    {
        "song_id": "242",
        "artist_id": "497"
    },
    {
        "song_id": "230",
        "artist_id": "413"
    },
    {
        "song_id": "430",
        "artist_id": "419"
    },
    {
        "song_id": "418",
        "artist_id": "185"
    },
    {
        "song_id": "215",
        "artist_id": "482"
    },
    {
        "song_id": "125",
        "artist_id": "152"
    },
    {
        "song_id": "248",
        "artist_id": "325"
    },
    {
        "song_id": "163",
        "artist_id": "374"
    },
    {
        "song_id": "367",
        "artist_id": "417"
    },
    {
        "song_id": "26",
        "artist_id": "182"
    },
    {
        "song_id": "371",
        "artist_id": "423"
    },
    {
        "song_id": "245",
        "artist_id": "472"
    },
    {
        "song_id": "473",
        "artist_id": "97"
    },
    {
        "song_id": "356",
        "artist_id": "450"
    },
    {
        "song_id": "493",
        "artist_id": "110"
    },
    {
        "song_id": "49",
        "artist_id": "479"
    },
    {
        "song_id": "283",
        "artist_id": "445"
    },
    {
        "song_id": "274",
        "artist_id": "38"
    },
    {
        "song_id": "75",
        "artist_id": "175"
    },
    {
        "song_id": "272",
        "artist_id": "365"
    },
    {
        "song_id": "63",
        "artist_id": "1"
    },
    {
        "song_id": "139",
        "artist_id": "493"
    },
    {
        "song_id": "12",
        "artist_id": "94"
    },
    {
        "song_id": "397",
        "artist_id": "107"
    },
    {
        "song_id": "428",
        "artist_id": "185"
    },
    {
        "song_id": "47",
        "artist_id": "197"
    },
    {
        "song_id": "14",
        "artist_id": "35"
    },
    {
        "song_id": "448",
        "artist_id": "19"
    },
    {
        "song_id": "291",
        "artist_id": "29"
    },
    {
        "song_id": "95",
        "artist_id": "191"
    },
    {
        "song_id": "288",
        "artist_id": "474"
    },
    {
        "song_id": "93",
        "artist_id": "472"
    },
    {
        "song_id": "171",
        "artist_id": "216"
    },
    {
        "song_id": "409",
        "artist_id": "167"
    },
    {
        "song_id": "150",
        "artist_id": "397"
    },
    {
        "song_id": "393",
        "artist_id": "112"
    },
    {
        "song_id": "410",
        "artist_id": "260"
    },
    {
        "song_id": "331",
        "artist_id": "192"
    },
    {
        "song_id": "37",
        "artist_id": "493"
    },
    {
        "song_id": "258",
        "artist_id": "400"
    },
    {
        "song_id": "217",
        "artist_id": "315"
    },
    {
        "song_id": "311",
        "artist_id": "305"
    },
    {
        "song_id": "191",
        "artist_id": "279"
    },
    {
        "song_id": "411",
        "artist_id": "396"
    },
    {
        "song_id": "55",
        "artist_id": "8"
    },
    {
        "song_id": "379",
        "artist_id": "39"
    },
    {
        "song_id": "496",
        "artist_id": "160"
    },
    {
        "song_id": "8",
        "artist_id": "244"
    },
    {
        "song_id": "125",
        "artist_id": "97"
    },
    {
        "song_id": "105",
        "artist_id": "26"
    },
    {
        "song_id": "71",
        "artist_id": "164"
    },
    {
        "song_id": "51",
        "artist_id": "52"
    },
    {
        "song_id": "41",
        "artist_id": "225"
    },
    {
        "song_id": "94",
        "artist_id": "245"
    },
    {
        "song_id": "169",
        "artist_id": "494"
    },
    {
        "song_id": "287",
        "artist_id": "16"
    },
    {
        "song_id": "250",
        "artist_id": "363"
    },
    {
        "song_id": "57",
        "artist_id": "319"
    },
    {
        "song_id": "412",
        "artist_id": "317"
    },
    {
        "song_id": "389",
        "artist_id": "460"
    },
    {
        "song_id": "331",
        "artist_id": "334"
    },
    {
        "song_id": "392",
        "artist_id": "473"
    },
    {
        "song_id": "2",
        "artist_id": "290"
    },
    {
        "song_id": "114",
        "artist_id": "109"
    },
    {
        "song_id": "195",
        "artist_id": "357"
    },
    {
        "song_id": "473",
        "artist_id": "479"
    },
    {
        "song_id": "499",
        "artist_id": "318"
    },
    {
        "song_id": "385",
        "artist_id": "165"
    },
    {
        "song_id": "361",
        "artist_id": "374"
    },
    {
        "song_id": "348",
        "artist_id": "454"
    },
    {
        "song_id": "419",
        "artist_id": "157"
    },
    {
        "song_id": "218",
        "artist_id": "273"
    },
    {
        "song_id": "79",
        "artist_id": "101"
    },
    {
        "song_id": "109",
        "artist_id": "477"
    },
    {
        "song_id": "380",
        "artist_id": "423"
    },
    {
        "song_id": "242",
        "artist_id": "366"
    },
    {
        "song_id": "42",
        "artist_id": "153"
    },
    {
        "song_id": "23",
        "artist_id": "171"
    },
    {
        "song_id": "211",
        "artist_id": "129"
    },
    {
        "song_id": "144",
        "artist_id": "485"
    },
    {
        "song_id": "421",
        "artist_id": "261"
    },
    {
        "song_id": "369",
        "artist_id": "442"
    },
    {
        "song_id": "84",
        "artist_id": "359"
    },
    {
        "song_id": "138",
        "artist_id": "423"
    },
    {
        "song_id": "461",
        "artist_id": "136"
    },
    {
        "song_id": "167",
        "artist_id": "224"
    },
    {
        "song_id": "1",
        "artist_id": "106"
    },
    {
        "song_id": "162",
        "artist_id": "209"
    },
    {
        "song_id": "89",
        "artist_id": "167"
    },
    {
        "song_id": "167",
        "artist_id": "230"
    },
    {
        "song_id": "475",
        "artist_id": "185"
    },
    {
        "song_id": "239",
        "artist_id": "139"
    },
    {
        "song_id": "418",
        "artist_id": "326"
    },
    {
        "song_id": "23",
        "artist_id": "192"
    },
    {
        "song_id": "84",
        "artist_id": "405"
    },
    {
        "song_id": "199",
        "artist_id": "294"
    },
    {
        "song_id": "184",
        "artist_id": "204"
    },
    {
        "song_id": "25",
        "artist_id": "384"
    },
    {
        "song_id": "324",
        "artist_id": "168"
    },
    {
        "song_id": "265",
        "artist_id": "144"
    },
    {
        "song_id": "183",
        "artist_id": "307"
    },
    {
        "song_id": "181",
        "artist_id": "449"
    },
    {
        "song_id": "394",
        "artist_id": "347"
    },
    {
        "song_id": "301",
        "artist_id": "182"
    },
    {
        "song_id": "68",
        "artist_id": "415"
    },
    {
        "song_id": "234",
        "artist_id": "278"
    },
    {
        "song_id": "102",
        "artist_id": "6"
    },
    {
        "song_id": "305",
        "artist_id": "406"
    },
    {
        "song_id": "177",
        "artist_id": "70"
    },
    {
        "song_id": "63",
        "artist_id": "234"
    },
    {
        "song_id": "277",
        "artist_id": "21"
    },
    {
        "song_id": "45",
        "artist_id": "475"
    },
    {
        "song_id": "258",
        "artist_id": "238"
    },
    {
        "song_id": "215",
        "artist_id": "279"
    },
    {
        "song_id": "302",
        "artist_id": "135"
    },
    {
        "song_id": "288",
        "artist_id": "121"
    },
    {
        "song_id": "455",
        "artist_id": "438"
    },
    {
        "song_id": "236",
        "artist_id": "27"
    },
    {
        "song_id": "440",
        "artist_id": "257"
    },
    {
        "song_id": "67",
        "artist_id": "470"
    },
    {
        "song_id": "114",
        "artist_id": "499"
    },
    {
        "song_id": "480",
        "artist_id": "462"
    },
    {
        "song_id": "380",
        "artist_id": "440"
    },
    {
        "song_id": "396",
        "artist_id": "382"
    },
    {
        "song_id": "382",
        "artist_id": "495"
    },
    {
        "song_id": "5",
        "artist_id": "9"
    },
    {
        "song_id": "312",
        "artist_id": "214"
    },
    {
        "song_id": "465",
        "artist_id": "213"
    },
    {
        "song_id": "42",
        "artist_id": "278"
    },
    {
        "song_id": "414",
        "artist_id": "13"
    },
    {
        "song_id": "398",
        "artist_id": "495"
    },
    {
        "song_id": "5",
        "artist_id": "428"
    },
    {
        "song_id": "386",
        "artist_id": "136"
    },
    {
        "song_id": "33",
        "artist_id": "232"
    },
    {
        "song_id": "290",
        "artist_id": "286"
    },
    {
        "song_id": "294",
        "artist_id": "234"
    },
    {
        "song_id": "220",
        "artist_id": "275"
    },
    {
        "song_id": "51",
        "artist_id": "294"
    },
    {
        "song_id": "431",
        "artist_id": "163"
    },
    {
        "song_id": "327",
        "artist_id": "343"
    },
    {
        "song_id": "251",
        "artist_id": "288"
    },
    {
        "song_id": "149",
        "artist_id": "453"
    },
    {
        "song_id": "400",
        "artist_id": "342"
    },
    {
        "song_id": "117",
        "artist_id": "27"
    },
    {
        "song_id": "136",
        "artist_id": "368"
    },
    {
        "song_id": "392",
        "artist_id": "442"
    },
    {
        "song_id": "191",
        "artist_id": "105"
    },
    {
        "song_id": "309",
        "artist_id": "145"
    },
    {
        "song_id": "49",
        "artist_id": "483"
    },
    {
        "song_id": "363",
        "artist_id": "171"
    },
    {
        "song_id": "378",
        "artist_id": "469"
    },
    {
        "song_id": "357",
        "artist_id": "414"
    },
    {
        "song_id": "22",
        "artist_id": "251"
    },
    {
        "song_id": "413",
        "artist_id": "488"
    },
    {
        "song_id": "495",
        "artist_id": "486"
    },
    {
        "song_id": "223",
        "artist_id": "66"
    },
    {
        "song_id": "91",
        "artist_id": "234"
    },
    {
        "song_id": "451",
        "artist_id": "474"
    },
    {
        "song_id": "208",
        "artist_id": "279"
    },
    {
        "song_id": "193",
        "artist_id": "202"
    },
    {
        "song_id": "279",
        "artist_id": "111"
    },
    {
        "song_id": "491",
        "artist_id": "242"
    },
    {
        "song_id": "29",
        "artist_id": "373"
    },
    {
        "song_id": "150",
        "artist_id": "161"
    },
    {
        "song_id": "494",
        "artist_id": "286"
    },
    {
        "song_id": "111",
        "artist_id": "55"
    },
    {
        "song_id": "93",
        "artist_id": "390"
    },
    {
        "song_id": "83",
        "artist_id": "64"
    },
    {
        "song_id": "105",
        "artist_id": "229"
    },
    {
        "song_id": "202",
        "artist_id": "357"
    },
    {
        "song_id": "271",
        "artist_id": "99"
    },
    {
        "song_id": "361",
        "artist_id": "244"
    },
    {
        "song_id": "347",
        "artist_id": "262"
    },
    {
        "song_id": "240",
        "artist_id": "295"
    },
    {
        "song_id": "53",
        "artist_id": "97"
    },
    {
        "song_id": "284",
        "artist_id": "479"
    },
    {
        "song_id": "106",
        "artist_id": "224"
    },
    {
        "song_id": "55",
        "artist_id": "432"
    },
    {
        "song_id": "204",
        "artist_id": "60"
    },
    {
        "song_id": "369",
        "artist_id": "100"
    },
    {
        "song_id": "239",
        "artist_id": "109"
    },
    {
        "song_id": "183",
        "artist_id": "59"
    },
    {
        "song_id": "443",
        "artist_id": "103"
    },
    {
        "song_id": "377",
        "artist_id": "183"
    },
    {
        "song_id": "335",
        "artist_id": "327"
    },
    {
        "song_id": "164",
        "artist_id": "111"
    },
    {
        "song_id": "242",
        "artist_id": "484"
    },
    {
        "song_id": "430",
        "artist_id": "456"
    },
    {
        "song_id": "114",
        "artist_id": "490"
    },
    {
        "song_id": "9",
        "artist_id": "122"
    },
    {
        "song_id": "59",
        "artist_id": "22"
    },
    {
        "song_id": "157",
        "artist_id": "431"
    },
    {
        "song_id": "447",
        "artist_id": "198"
    },
    {
        "song_id": "198",
        "artist_id": "14"
    },
    {
        "song_id": "219",
        "artist_id": "124"
    },
    {
        "song_id": "429",
        "artist_id": "347"
    },
    {
        "song_id": "331",
        "artist_id": "328"
    },
    {
        "song_id": "37",
        "artist_id": "2"
    },
    {
        "song_id": "450",
        "artist_id": "98"
    },
    {
        "song_id": "372",
        "artist_id": "328"
    },
    {
        "song_id": "431",
        "artist_id": "189"
    },
    {
        "song_id": "390",
        "artist_id": "407"
    },
    {
        "song_id": "495",
        "artist_id": "175"
    },
    {
        "song_id": "292",
        "artist_id": "57"
    },
    {
        "song_id": "206",
        "artist_id": "30"
    },
    {
        "song_id": "147",
        "artist_id": "293"
    },
    {
        "song_id": "256",
        "artist_id": "226"
    },
    {
        "song_id": "90",
        "artist_id": "446"
    },
    {
        "song_id": "396",
        "artist_id": "438"
    },
    {
        "song_id": "394",
        "artist_id": "414"
    },
    {
        "song_id": "261",
        "artist_id": "257"
    },
    {
        "song_id": "130",
        "artist_id": "219"
    },
    {
        "song_id": "488",
        "artist_id": "259"
    },
    {
        "song_id": "439",
        "artist_id": "486"
    },
    {
        "song_id": "40",
        "artist_id": "472"
    },
    {
        "song_id": "488",
        "artist_id": "97"
    },
    {
        "song_id": "264",
        "artist_id": "133"
    },
    {
        "song_id": "226",
        "artist_id": "83"
    },
    {
        "song_id": "121",
        "artist_id": "332"
    },
    {
        "song_id": "476",
        "artist_id": "91"
    },
    {
        "song_id": "4",
        "artist_id": "400"
    },
    {
        "song_id": "146",
        "artist_id": "100"
    },
    {
        "song_id": "140",
        "artist_id": "128"
    },
    {
        "song_id": "414",
        "artist_id": "22"
    },
    {
        "song_id": "491",
        "artist_id": "393"
    },
    {
        "song_id": "254",
        "artist_id": "175"
    },
    {
        "song_id": "283",
        "artist_id": "185"
    },
    {
        "song_id": "190",
        "artist_id": "333"
    },
    {
        "song_id": "349",
        "artist_id": "301"
    },
    {
        "song_id": "92",
        "artist_id": "405"
    },
    {
        "song_id": "22",
        "artist_id": "42"
    },
    {
        "song_id": "236",
        "artist_id": "126"
    },
    {
        "song_id": "247",
        "artist_id": "310"
    },
    {
        "song_id": "252",
        "artist_id": "366"
    },
    {
        "song_id": "302",
        "artist_id": "442"
    },
    {
        "song_id": "320",
        "artist_id": "455"
    },
    {
        "song_id": "96",
        "artist_id": "163"
    },
    {
        "song_id": "140",
        "artist_id": "187"
    },
    {
        "song_id": "380",
        "artist_id": "79"
    },
    {
        "song_id": "482",
        "artist_id": "197"
    },
    {
        "song_id": "362",
        "artist_id": "480"
    },
    {
        "song_id": "358",
        "artist_id": "118"
    },
    {
        "song_id": "37",
        "artist_id": "5"
    },
    {
        "song_id": "479",
        "artist_id": "258"
    },
    {
        "song_id": "330",
        "artist_id": "98"
    },
    {
        "song_id": "290",
        "artist_id": "136"
    },
    {
        "song_id": "432",
        "artist_id": "291"
    },
    {
        "song_id": "113",
        "artist_id": "165"
    },
    {
        "song_id": "312",
        "artist_id": "380"
    },
    {
        "song_id": "13",
        "artist_id": "254"
    },
    {
        "song_id": "337",
        "artist_id": "38"
    },
    {
        "song_id": "189",
        "artist_id": "176"
    },
    {
        "song_id": "343",
        "artist_id": "438"
    },
    {
        "song_id": "166",
        "artist_id": "200"
    },
    {
        "song_id": "286",
        "artist_id": "54"
    },
    {
        "song_id": "29",
        "artist_id": "427"
    },
    {
        "song_id": "134",
        "artist_id": "429"
    },
    {
        "song_id": "32",
        "artist_id": "81"
    },
    {
        "song_id": "449",
        "artist_id": "361"
    },
    {
        "song_id": "113",
        "artist_id": "341"
    },
    {
        "song_id": "380",
        "artist_id": "94"
    },
    {
        "song_id": "474",
        "artist_id": "45"
    },
    {
        "song_id": "49",
        "artist_id": "17"
    },
    {
        "song_id": "443",
        "artist_id": "153"
    },
    {
        "song_id": "270",
        "artist_id": "370"
    },
    {
        "song_id": "79",
        "artist_id": "422"
    },
    {
        "song_id": "271",
        "artist_id": "468"
    },
    {
        "song_id": "123",
        "artist_id": "79"
    },
    {
        "song_id": "349",
        "artist_id": "234"
    },
    {
        "song_id": "495",
        "artist_id": "41"
    },
    {
        "song_id": "325",
        "artist_id": "23"
    },
    {
        "song_id": "108",
        "artist_id": "74"
    },
    {
        "song_id": "113",
        "artist_id": "98"
    },
    {
        "song_id": "258",
        "artist_id": "242"
    },
    {
        "song_id": "272",
        "artist_id": "343"
    },
    {
        "song_id": "147",
        "artist_id": "59"
    },
    {
        "song_id": "1",
        "artist_id": "388"
    },
    {
        "song_id": "11",
        "artist_id": "459"
    },
    {
        "song_id": "55",
        "artist_id": "309"
    },
    {
        "song_id": "296",
        "artist_id": "307"
    },
    {
        "song_id": "207",
        "artist_id": "80"
    },
    {
        "song_id": "250",
        "artist_id": "432"
    },
    {
        "song_id": "7",
        "artist_id": "381"
    },
    {
        "song_id": "2",
        "artist_id": "235"
    },
    {
        "song_id": "134",
        "artist_id": "472"
    },
    {
        "song_id": "225",
        "artist_id": "395"
    }
]