[
    {
        "user_id": "310",
        "playlist_id": "143"
    },
    {
        "user_id": "115",
        "playlist_id": "295"
    },
    {
        "user_id": "176",
        "playlist_id": "394"
    },
    {
        "user_id": "165",
        "playlist_id": "45"
    },
    {
        "user_id": "365",
        "playlist_id": "276"
    },
    {
        "user_id": "441",
        "playlist_id": "75"
    },
    {
        "user_id": "7",
        "playlist_id": "252"
    },
    {
        "user_id": "168",
        "playlist_id": "229"
    },
    {
        "user_id": "334",
        "playlist_id": "104"
    },
    {
        "user_id": "48",
        "playlist_id": "297"
    },
    {
        "user_id": "177",
        "playlist_id": "225"
    },
    {
        "user_id": "177",
        "playlist_id": "259"
    },
    {
        "user_id": "473",
        "playlist_id": "276"
    },
    {
        "user_id": "95",
        "playlist_id": "143"
    },
    {
        "user_id": "350",
        "playlist_id": "493"
    },
    {
        "user_id": "68",
        "playlist_id": "301"
    },
    {
        "user_id": "47",
        "playlist_id": "359"
    },
    {
        "user_id": "343",
        "playlist_id": "471"
    },
    {
        "user_id": "387",
        "playlist_id": "427"
    },
    {
        "user_id": "404",
        "playlist_id": "288"
    },
    {
        "user_id": "258",
        "playlist_id": "31"
    },
    {
        "user_id": "443",
        "playlist_id": "352"
    },
    {
        "user_id": "290",
        "playlist_id": "357"
    },
    {
        "user_id": "189",
        "playlist_id": "309"
    },
    {
        "user_id": "401",
        "playlist_id": "332"
    },
    {
        "user_id": "474",
        "playlist_id": "279"
    },
    {
        "user_id": "490",
        "playlist_id": "154"
    },
    {
        "user_id": "452",
        "playlist_id": "389"
    },
    {
        "user_id": "8",
        "playlist_id": "402"
    },
    {
        "user_id": "98",
        "playlist_id": "475"
    },
    {
        "user_id": "85",
        "playlist_id": "430"
    },
    {
        "user_id": "96",
        "playlist_id": "29"
    },
    {
        "user_id": "224",
        "playlist_id": "334"
    },
    {
        "user_id": "246",
        "playlist_id": "223"
    },
    {
        "user_id": "123",
        "playlist_id": "395"
    },
    {
        "user_id": "158",
        "playlist_id": "140"
    },
    {
        "user_id": "30",
        "playlist_id": "246"
    },
    {
        "user_id": "334",
        "playlist_id": "488"
    },
    {
        "user_id": "434",
        "playlist_id": "203"
    },
    {
        "user_id": "479",
        "playlist_id": "439"
    },
    {
        "user_id": "89",
        "playlist_id": "153"
    },
    {
        "user_id": "330",
        "playlist_id": "130"
    },
    {
        "user_id": "305",
        "playlist_id": "173"
    },
    {
        "user_id": "397",
        "playlist_id": "376"
    },
    {
        "user_id": "369",
        "playlist_id": "460"
    },
    {
        "user_id": "252",
        "playlist_id": "15"
    },
    {
        "user_id": "352",
        "playlist_id": "13"
    },
    {
        "user_id": "141",
        "playlist_id": "312"
    },
    {
        "user_id": "165",
        "playlist_id": "12"
    },
    {
        "user_id": "496",
        "playlist_id": "344"
    },
    {
        "user_id": "426",
        "playlist_id": "371"
    },
    {
        "user_id": "368",
        "playlist_id": "90"
    },
    {
        "user_id": "481",
        "playlist_id": "379"
    },
    {
        "user_id": "405",
        "playlist_id": "146"
    },
    {
        "user_id": "340",
        "playlist_id": "356"
    },
    {
        "user_id": "425",
        "playlist_id": "407"
    },
    {
        "user_id": "284",
        "playlist_id": "383"
    },
    {
        "user_id": "373",
        "playlist_id": "269"
    },
    {
        "user_id": "112",
        "playlist_id": "412"
    },
    {
        "user_id": "443",
        "playlist_id": "337"
    },
    {
        "user_id": "223",
        "playlist_id": "499"
    },
    {
        "user_id": "300",
        "playlist_id": "48"
    },
    {
        "user_id": "443",
        "playlist_id": "354"
    },
    {
        "user_id": "424",
        "playlist_id": "93"
    },
    {
        "user_id": "284",
        "playlist_id": "492"
    },
    {
        "user_id": "111",
        "playlist_id": "259"
    },
    {
        "user_id": "350",
        "playlist_id": "426"
    },
    {
        "user_id": "239",
        "playlist_id": "472"
    },
    {
        "user_id": "241",
        "playlist_id": "130"
    },
    {
        "user_id": "31",
        "playlist_id": "31"
    },
    {
        "user_id": "68",
        "playlist_id": "209"
    },
    {
        "user_id": "398",
        "playlist_id": "217"
    },
    {
        "user_id": "207",
        "playlist_id": "68"
    },
    {
        "user_id": "145",
        "playlist_id": "36"
    },
    {
        "user_id": "115",
        "playlist_id": "309"
    },
    {
        "user_id": "207",
        "playlist_id": "58"
    },
    {
        "user_id": "355",
        "playlist_id": "20"
    },
    {
        "user_id": "317",
        "playlist_id": "187"
    },
    {
        "user_id": "390",
        "playlist_id": "398"
    },
    {
        "user_id": "347",
        "playlist_id": "56"
    },
    {
        "user_id": "122",
        "playlist_id": "389"
    },
    {
        "user_id": "76",
        "playlist_id": "473"
    },
    {
        "user_id": "363",
        "playlist_id": "218"
    },
    {
        "user_id": "432",
        "playlist_id": "261"
    },
    {
        "user_id": "410",
        "playlist_id": "355"
    },
    {
        "user_id": "143",
        "playlist_id": "278"
    },
    {
        "user_id": "164",
        "playlist_id": "114"
    },
    {
        "user_id": "262",
        "playlist_id": "213"
    },
    {
        "user_id": "426",
        "playlist_id": "117"
    },
    {
        "user_id": "201",
        "playlist_id": "183"
    },
    {
        "user_id": "480",
        "playlist_id": "85"
    },
    {
        "user_id": "162",
        "playlist_id": "83"
    },
    {
        "user_id": "221",
        "playlist_id": "385"
    },
    {
        "user_id": "371",
        "playlist_id": "194"
    },
    {
        "user_id": "406",
        "playlist_id": "172"
    },
    {
        "user_id": "104",
        "playlist_id": "360"
    },
    {
        "user_id": "480",
        "playlist_id": "78"
    },
    {
        "user_id": "306",
        "playlist_id": "399"
    },
    {
        "user_id": "248",
        "playlist_id": "347"
    },
    {
        "user_id": "257",
        "playlist_id": "308"
    },
    {
        "user_id": "479",
        "playlist_id": "143"
    },
    {
        "user_id": "214",
        "playlist_id": "123"
    },
    {
        "user_id": "213",
        "playlist_id": "326"
    },
    {
        "user_id": "279",
        "playlist_id": "192"
    },
    {
        "user_id": "51",
        "playlist_id": "455"
    },
    {
        "user_id": "178",
        "playlist_id": "293"
    },
    {
        "user_id": "123",
        "playlist_id": "481"
    },
    {
        "user_id": "277",
        "playlist_id": "248"
    },
    {
        "user_id": "198",
        "playlist_id": "18"
    },
    {
        "user_id": "136",
        "playlist_id": "422"
    },
    {
        "user_id": "52",
        "playlist_id": "163"
    },
    {
        "user_id": "466",
        "playlist_id": "195"
    },
    {
        "user_id": "200",
        "playlist_id": "190"
    },
    {
        "user_id": "335",
        "playlist_id": "200"
    },
    {
        "user_id": "134",
        "playlist_id": "454"
    },
    {
        "user_id": "222",
        "playlist_id": "332"
    },
    {
        "user_id": "300",
        "playlist_id": "373"
    },
    {
        "user_id": "108",
        "playlist_id": "282"
    },
    {
        "user_id": "112",
        "playlist_id": "439"
    },
    {
        "user_id": "459",
        "playlist_id": "168"
    },
    {
        "user_id": "403",
        "playlist_id": "91"
    },
    {
        "user_id": "132",
        "playlist_id": "477"
    },
    {
        "user_id": "347",
        "playlist_id": "86"
    },
    {
        "user_id": "383",
        "playlist_id": "340"
    },
    {
        "user_id": "285",
        "playlist_id": "310"
    },
    {
        "user_id": "4",
        "playlist_id": "245"
    },
    {
        "user_id": "101",
        "playlist_id": "419"
    },
    {
        "user_id": "371",
        "playlist_id": "308"
    },
    {
        "user_id": "410",
        "playlist_id": "300"
    },
    {
        "user_id": "496",
        "playlist_id": "293"
    },
    {
        "user_id": "416",
        "playlist_id": "218"
    },
    {
        "user_id": "399",
        "playlist_id": "15"
    },
    {
        "user_id": "2",
        "playlist_id": "436"
    },
    {
        "user_id": "435",
        "playlist_id": "451"
    },
    {
        "user_id": "431",
        "playlist_id": "374"
    },
    {
        "user_id": "79",
        "playlist_id": "409"
    },
    {
        "user_id": "124",
        "playlist_id": "93"
    },
    {
        "user_id": "13",
        "playlist_id": "155"
    },
    {
        "user_id": "439",
        "playlist_id": "319"
    },
    {
        "user_id": "234",
        "playlist_id": "448"
    },
    {
        "user_id": "296",
        "playlist_id": "426"
    },
    {
        "user_id": "217",
        "playlist_id": "63"
    },
    {
        "user_id": "61",
        "playlist_id": "90"
    },
    {
        "user_id": "466",
        "playlist_id": "298"
    },
    {
        "user_id": "138",
        "playlist_id": "320"
    },
    {
        "user_id": "440",
        "playlist_id": "101"
    },
    {
        "user_id": "329",
        "playlist_id": "12"
    },
    {
        "user_id": "453",
        "playlist_id": "13"
    },
    {
        "user_id": "229",
        "playlist_id": "15"
    },
    {
        "user_id": "175",
        "playlist_id": "172"
    },
    {
        "user_id": "261",
        "playlist_id": "249"
    },
    {
        "user_id": "5",
        "playlist_id": "484"
    },
    {
        "user_id": "455",
        "playlist_id": "310"
    },
    {
        "user_id": "135",
        "playlist_id": "205"
    },
    {
        "user_id": "82",
        "playlist_id": "77"
    },
    {
        "user_id": "375",
        "playlist_id": "65"
    },
    {
        "user_id": "423",
        "playlist_id": "470"
    },
    {
        "user_id": "391",
        "playlist_id": "426"
    },
    {
        "user_id": "132",
        "playlist_id": "190"
    },
    {
        "user_id": "263",
        "playlist_id": "294"
    },
    {
        "user_id": "390",
        "playlist_id": "327"
    },
    {
        "user_id": "83",
        "playlist_id": "264"
    },
    {
        "user_id": "464",
        "playlist_id": "243"
    },
    {
        "user_id": "335",
        "playlist_id": "339"
    },
    {
        "user_id": "495",
        "playlist_id": "391"
    },
    {
        "user_id": "260",
        "playlist_id": "43"
    },
    {
        "user_id": "77",
        "playlist_id": "433"
    },
    {
        "user_id": "177",
        "playlist_id": "66"
    },
    {
        "user_id": "360",
        "playlist_id": "157"
    },
    {
        "user_id": "278",
        "playlist_id": "436"
    },
    {
        "user_id": "456",
        "playlist_id": "405"
    },
    {
        "user_id": "190",
        "playlist_id": "49"
    },
    {
        "user_id": "132",
        "playlist_id": "230"
    },
    {
        "user_id": "38",
        "playlist_id": "250"
    },
    {
        "user_id": "476",
        "playlist_id": "30"
    },
    {
        "user_id": "399",
        "playlist_id": "325"
    },
    {
        "user_id": "77",
        "playlist_id": "292"
    },
    {
        "user_id": "477",
        "playlist_id": "497"
    },
    {
        "user_id": "157",
        "playlist_id": "138"
    },
    {
        "user_id": "19",
        "playlist_id": "221"
    },
    {
        "user_id": "166",
        "playlist_id": "9"
    },
    {
        "user_id": "221",
        "playlist_id": "396"
    },
    {
        "user_id": "16",
        "playlist_id": "460"
    },
    {
        "user_id": "24",
        "playlist_id": "293"
    },
    {
        "user_id": "488",
        "playlist_id": "319"
    },
    {
        "user_id": "284",
        "playlist_id": "182"
    },
    {
        "user_id": "141",
        "playlist_id": "71"
    },
    {
        "user_id": "85",
        "playlist_id": "353"
    },
    {
        "user_id": "363",
        "playlist_id": "214"
    },
    {
        "user_id": "169",
        "playlist_id": "303"
    },
    {
        "user_id": "3",
        "playlist_id": "438"
    },
    {
        "user_id": "128",
        "playlist_id": "305"
    },
    {
        "user_id": "448",
        "playlist_id": "364"
    },
    {
        "user_id": "200",
        "playlist_id": "468"
    },
    {
        "user_id": "211",
        "playlist_id": "427"
    },
    {
        "user_id": "282",
        "playlist_id": "66"
    },
    {
        "user_id": "248",
        "playlist_id": "316"
    },
    {
        "user_id": "169",
        "playlist_id": "300"
    },
    {
        "user_id": "41",
        "playlist_id": "137"
    },
    {
        "user_id": "237",
        "playlist_id": "364"
    },
    {
        "user_id": "251",
        "playlist_id": "160"
    },
    {
        "user_id": "163",
        "playlist_id": "324"
    },
    {
        "user_id": "272",
        "playlist_id": "92"
    },
    {
        "user_id": "167",
        "playlist_id": "486"
    },
    {
        "user_id": "76",
        "playlist_id": "112"
    },
    {
        "user_id": "142",
        "playlist_id": "352"
    },
    {
        "user_id": "391",
        "playlist_id": "30"
    },
    {
        "user_id": "93",
        "playlist_id": "305"
    },
    {
        "user_id": "34",
        "playlist_id": "100"
    },
    {
        "user_id": "399",
        "playlist_id": "183"
    },
    {
        "user_id": "454",
        "playlist_id": "93"
    },
    {
        "user_id": "381",
        "playlist_id": "290"
    },
    {
        "user_id": "13",
        "playlist_id": "166"
    },
    {
        "user_id": "252",
        "playlist_id": "448"
    },
    {
        "user_id": "65",
        "playlist_id": "437"
    },
    {
        "user_id": "184",
        "playlist_id": "49"
    },
    {
        "user_id": "184",
        "playlist_id": "458"
    },
    {
        "user_id": "245",
        "playlist_id": "238"
    },
    {
        "user_id": "304",
        "playlist_id": "304"
    },
    {
        "user_id": "128",
        "playlist_id": "115"
    },
    {
        "user_id": "466",
        "playlist_id": "199"
    },
    {
        "user_id": "441",
        "playlist_id": "123"
    },
    {
        "user_id": "372",
        "playlist_id": "218"
    },
    {
        "user_id": "323",
        "playlist_id": "125"
    },
    {
        "user_id": "163",
        "playlist_id": "79"
    },
    {
        "user_id": "133",
        "playlist_id": "462"
    },
    {
        "user_id": "69",
        "playlist_id": "159"
    },
    {
        "user_id": "108",
        "playlist_id": "333"
    },
    {
        "user_id": "200",
        "playlist_id": "265"
    },
    {
        "user_id": "408",
        "playlist_id": "191"
    },
    {
        "user_id": "264",
        "playlist_id": "110"
    },
    {
        "user_id": "189",
        "playlist_id": "468"
    },
    {
        "user_id": "305",
        "playlist_id": "252"
    },
    {
        "user_id": "286",
        "playlist_id": "46"
    },
    {
        "user_id": "176",
        "playlist_id": "352"
    },
    {
        "user_id": "492",
        "playlist_id": "455"
    },
    {
        "user_id": "159",
        "playlist_id": "324"
    },
    {
        "user_id": "200",
        "playlist_id": "15"
    },
    {
        "user_id": "464",
        "playlist_id": "434"
    },
    {
        "user_id": "466",
        "playlist_id": "206"
    },
    {
        "user_id": "285",
        "playlist_id": "174"
    },
    {
        "user_id": "189",
        "playlist_id": "28"
    },
    {
        "user_id": "313",
        "playlist_id": "352"
    },
    {
        "user_id": "138",
        "playlist_id": "367"
    },
    {
        "user_id": "350",
        "playlist_id": "365"
    },
    {
        "user_id": "378",
        "playlist_id": "62"
    },
    {
        "user_id": "477",
        "playlist_id": "87"
    },
    {
        "user_id": "247",
        "playlist_id": "97"
    },
    {
        "user_id": "47",
        "playlist_id": "223"
    },
    {
        "user_id": "131",
        "playlist_id": "277"
    },
    {
        "user_id": "108",
        "playlist_id": "312"
    },
    {
        "user_id": "314",
        "playlist_id": "26"
    },
    {
        "user_id": "451",
        "playlist_id": "456"
    },
    {
        "user_id": "17",
        "playlist_id": "326"
    },
    {
        "user_id": "374",
        "playlist_id": "499"
    },
    {
        "user_id": "22",
        "playlist_id": "78"
    },
    {
        "user_id": "281",
        "playlist_id": "122"
    },
    {
        "user_id": "72",
        "playlist_id": "474"
    },
    {
        "user_id": "83",
        "playlist_id": "74"
    },
    {
        "user_id": "253",
        "playlist_id": "146"
    },
    {
        "user_id": "104",
        "playlist_id": "48"
    },
    {
        "user_id": "308",
        "playlist_id": "125"
    },
    {
        "user_id": "352",
        "playlist_id": "350"
    },
    {
        "user_id": "84",
        "playlist_id": "251"
    },
    {
        "user_id": "315",
        "playlist_id": "464"
    },
    {
        "user_id": "201",
        "playlist_id": "181"
    },
    {
        "user_id": "422",
        "playlist_id": "120"
    },
    {
        "user_id": "159",
        "playlist_id": "247"
    },
    {
        "user_id": "116",
        "playlist_id": "204"
    },
    {
        "user_id": "412",
        "playlist_id": "133"
    },
    {
        "user_id": "229",
        "playlist_id": "458"
    },
    {
        "user_id": "365",
        "playlist_id": "213"
    },
    {
        "user_id": "172",
        "playlist_id": "193"
    },
    {
        "user_id": "318",
        "playlist_id": "177"
    },
    {
        "user_id": "221",
        "playlist_id": "134"
    },
    {
        "user_id": "239",
        "playlist_id": "256"
    },
    {
        "user_id": "367",
        "playlist_id": "129"
    },
    {
        "user_id": "21",
        "playlist_id": "148"
    },
    {
        "user_id": "418",
        "playlist_id": "76"
    },
    {
        "user_id": "278",
        "playlist_id": "272"
    },
    {
        "user_id": "80",
        "playlist_id": "342"
    },
    {
        "user_id": "433",
        "playlist_id": "227"
    },
    {
        "user_id": "213",
        "playlist_id": "95"
    },
    {
        "user_id": "161",
        "playlist_id": "416"
    },
    {
        "user_id": "225",
        "playlist_id": "480"
    },
    {
        "user_id": "234",
        "playlist_id": "300"
    },
    {
        "user_id": "404",
        "playlist_id": "320"
    },
    {
        "user_id": "475",
        "playlist_id": "472"
    },
    {
        "user_id": "331",
        "playlist_id": "209"
    },
    {
        "user_id": "447",
        "playlist_id": "21"
    },
    {
        "user_id": "464",
        "playlist_id": "498"
    },
    {
        "user_id": "413",
        "playlist_id": "175"
    },
    {
        "user_id": "72",
        "playlist_id": "291"
    },
    {
        "user_id": "21",
        "playlist_id": "464"
    },
    {
        "user_id": "462",
        "playlist_id": "147"
    },
    {
        "user_id": "70",
        "playlist_id": "189"
    },
    {
        "user_id": "476",
        "playlist_id": "59"
    },
    {
        "user_id": "69",
        "playlist_id": "312"
    },
    {
        "user_id": "490",
        "playlist_id": "336"
    },
    {
        "user_id": "245",
        "playlist_id": "38"
    },
    {
        "user_id": "58",
        "playlist_id": "482"
    },
    {
        "user_id": "2",
        "playlist_id": "368"
    },
    {
        "user_id": "178",
        "playlist_id": "167"
    },
    {
        "user_id": "314",
        "playlist_id": "281"
    },
    {
        "user_id": "320",
        "playlist_id": "357"
    },
    {
        "user_id": "430",
        "playlist_id": "128"
    },
    {
        "user_id": "105",
        "playlist_id": "136"
    },
    {
        "user_id": "417",
        "playlist_id": "477"
    },
    {
        "user_id": "209",
        "playlist_id": "84"
    },
    {
        "user_id": "73",
        "playlist_id": "88"
    },
    {
        "user_id": "384",
        "playlist_id": "85"
    },
    {
        "user_id": "484",
        "playlist_id": "461"
    },
    {
        "user_id": "157",
        "playlist_id": "299"
    },
    {
        "user_id": "81",
        "playlist_id": "461"
    },
    {
        "user_id": "385",
        "playlist_id": "78"
    },
    {
        "user_id": "433",
        "playlist_id": "173"
    },
    {
        "user_id": "298",
        "playlist_id": "20"
    },
    {
        "user_id": "348",
        "playlist_id": "124"
    },
    {
        "user_id": "441",
        "playlist_id": "234"
    },
    {
        "user_id": "317",
        "playlist_id": "247"
    },
    {
        "user_id": "155",
        "playlist_id": "87"
    },
    {
        "user_id": "418",
        "playlist_id": "87"
    },
    {
        "user_id": "253",
        "playlist_id": "229"
    },
    {
        "user_id": "380",
        "playlist_id": "28"
    },
    {
        "user_id": "382",
        "playlist_id": "91"
    },
    {
        "user_id": "21",
        "playlist_id": "322"
    },
    {
        "user_id": "393",
        "playlist_id": "481"
    },
    {
        "user_id": "290",
        "playlist_id": "195"
    },
    {
        "user_id": "67",
        "playlist_id": "408"
    },
    {
        "user_id": "281",
        "playlist_id": "470"
    },
    {
        "user_id": "428",
        "playlist_id": "242"
    },
    {
        "user_id": "388",
        "playlist_id": "285"
    },
    {
        "user_id": "198",
        "playlist_id": "382"
    },
    {
        "user_id": "94",
        "playlist_id": "390"
    },
    {
        "user_id": "232",
        "playlist_id": "300"
    },
    {
        "user_id": "283",
        "playlist_id": "356"
    },
    {
        "user_id": "213",
        "playlist_id": "275"
    },
    {
        "user_id": "395",
        "playlist_id": "411"
    },
    {
        "user_id": "457",
        "playlist_id": "167"
    },
    {
        "user_id": "222",
        "playlist_id": "91"
    },
    {
        "user_id": "153",
        "playlist_id": "142"
    },
    {
        "user_id": "422",
        "playlist_id": "125"
    },
    {
        "user_id": "283",
        "playlist_id": "354"
    },
    {
        "user_id": "16",
        "playlist_id": "247"
    },
    {
        "user_id": "96",
        "playlist_id": "491"
    },
    {
        "user_id": "195",
        "playlist_id": "241"
    },
    {
        "user_id": "15",
        "playlist_id": "44"
    },
    {
        "user_id": "113",
        "playlist_id": "468"
    },
    {
        "user_id": "382",
        "playlist_id": "53"
    },
    {
        "user_id": "5",
        "playlist_id": "130"
    },
    {
        "user_id": "430",
        "playlist_id": "497"
    },
    {
        "user_id": "456",
        "playlist_id": "251"
    },
    {
        "user_id": "432",
        "playlist_id": "33"
    },
    {
        "user_id": "100",
        "playlist_id": "472"
    },
    {
        "user_id": "56",
        "playlist_id": "291"
    },
    {
        "user_id": "157",
        "playlist_id": "430"
    },
    {
        "user_id": "174",
        "playlist_id": "164"
    },
    {
        "user_id": "158",
        "playlist_id": "83"
    },
    {
        "user_id": "321",
        "playlist_id": "398"
    },
    {
        "user_id": "155",
        "playlist_id": "245"
    },
    {
        "user_id": "198",
        "playlist_id": "273"
    },
    {
        "user_id": "287",
        "playlist_id": "364"
    },
    {
        "user_id": "411",
        "playlist_id": "73"
    },
    {
        "user_id": "5",
        "playlist_id": "196"
    },
    {
        "user_id": "205",
        "playlist_id": "478"
    },
    {
        "user_id": "331",
        "playlist_id": "184"
    },
    {
        "user_id": "299",
        "playlist_id": "370"
    },
    {
        "user_id": "99",
        "playlist_id": "428"
    },
    {
        "user_id": "115",
        "playlist_id": "276"
    },
    {
        "user_id": "300",
        "playlist_id": "30"
    },
    {
        "user_id": "395",
        "playlist_id": "309"
    },
    {
        "user_id": "154",
        "playlist_id": "344"
    },
    {
        "user_id": "66",
        "playlist_id": "169"
    },
    {
        "user_id": "140",
        "playlist_id": "71"
    },
    {
        "user_id": "160",
        "playlist_id": "332"
    },
    {
        "user_id": "263",
        "playlist_id": "311"
    },
    {
        "user_id": "210",
        "playlist_id": "393"
    },
    {
        "user_id": "37",
        "playlist_id": "107"
    },
    {
        "user_id": "468",
        "playlist_id": "243"
    },
    {
        "user_id": "109",
        "playlist_id": "302"
    },
    {
        "user_id": "131",
        "playlist_id": "419"
    },
    {
        "user_id": "147",
        "playlist_id": "266"
    },
    {
        "user_id": "138",
        "playlist_id": "357"
    },
    {
        "user_id": "13",
        "playlist_id": "137"
    },
    {
        "user_id": "118",
        "playlist_id": "133"
    },
    {
        "user_id": "141",
        "playlist_id": "464"
    },
    {
        "user_id": "422",
        "playlist_id": "410"
    },
    {
        "user_id": "359",
        "playlist_id": "160"
    },
    {
        "user_id": "495",
        "playlist_id": "143"
    },
    {
        "user_id": "167",
        "playlist_id": "222"
    },
    {
        "user_id": "431",
        "playlist_id": "82"
    },
    {
        "user_id": "30",
        "playlist_id": "341"
    },
    {
        "user_id": "78",
        "playlist_id": "463"
    },
    {
        "user_id": "42",
        "playlist_id": "113"
    },
    {
        "user_id": "170",
        "playlist_id": "116"
    },
    {
        "user_id": "232",
        "playlist_id": "319"
    },
    {
        "user_id": "260",
        "playlist_id": "332"
    },
    {
        "user_id": "91",
        "playlist_id": "221"
    },
    {
        "user_id": "205",
        "playlist_id": "90"
    },
    {
        "user_id": "402",
        "playlist_id": "250"
    },
    {
        "user_id": "425",
        "playlist_id": "55"
    },
    {
        "user_id": "486",
        "playlist_id": "107"
    },
    {
        "user_id": "249",
        "playlist_id": "266"
    },
    {
        "user_id": "233",
        "playlist_id": "213"
    },
    {
        "user_id": "427",
        "playlist_id": "221"
    },
    {
        "user_id": "453",
        "playlist_id": "223"
    },
    {
        "user_id": "207",
        "playlist_id": "422"
    },
    {
        "user_id": "131",
        "playlist_id": "485"
    },
    {
        "user_id": "448",
        "playlist_id": "208"
    },
    {
        "user_id": "286",
        "playlist_id": "207"
    },
    {
        "user_id": "269",
        "playlist_id": "438"
    },
    {
        "user_id": "330",
        "playlist_id": "479"
    },
    {
        "user_id": "222",
        "playlist_id": "470"
    },
    {
        "user_id": "83",
        "playlist_id": "248"
    },
    {
        "user_id": "236",
        "playlist_id": "331"
    },
    {
        "user_id": "444",
        "playlist_id": "363"
    },
    {
        "user_id": "18",
        "playlist_id": "335"
    },
    {
        "user_id": "7",
        "playlist_id": "409"
    },
    {
        "user_id": "372",
        "playlist_id": "492"
    },
    {
        "user_id": "102",
        "playlist_id": "111"
    },
    {
        "user_id": "91",
        "playlist_id": "131"
    },
    {
        "user_id": "352",
        "playlist_id": "479"
    },
    {
        "user_id": "184",
        "playlist_id": "462"
    },
    {
        "user_id": "160",
        "playlist_id": "174"
    },
    {
        "user_id": "322",
        "playlist_id": "206"
    },
    {
        "user_id": "197",
        "playlist_id": "85"
    },
    {
        "user_id": "129",
        "playlist_id": "79"
    },
    {
        "user_id": "360",
        "playlist_id": "491"
    },
    {
        "user_id": "225",
        "playlist_id": "276"
    },
    {
        "user_id": "395",
        "playlist_id": "293"
    },
    {
        "user_id": "204",
        "playlist_id": "248"
    },
    {
        "user_id": "392",
        "playlist_id": "330"
    },
    {
        "user_id": "69",
        "playlist_id": "82"
    },
    {
        "user_id": "274",
        "playlist_id": "273"
    },
    {
        "user_id": "11",
        "playlist_id": "199"
    },
    {
        "user_id": "197",
        "playlist_id": "216"
    },
    {
        "user_id": "281",
        "playlist_id": "448"
    },
    {
        "user_id": "82",
        "playlist_id": "345"
    },
    {
        "user_id": "44",
        "playlist_id": "127"
    },
    {
        "user_id": "145",
        "playlist_id": "448"
    },
    {
        "user_id": "418",
        "playlist_id": "193"
    },
    {
        "user_id": "271",
        "playlist_id": "116"
    },
    {
        "user_id": "469",
        "playlist_id": "70"
    },
    {
        "user_id": "468",
        "playlist_id": "132"
    },
    {
        "user_id": "405",
        "playlist_id": "16"
    },
    {
        "user_id": "491",
        "playlist_id": "359"
    },
    {
        "user_id": "323",
        "playlist_id": "492"
    },
    {
        "user_id": "330",
        "playlist_id": "238"
    },
    {
        "user_id": "395",
        "playlist_id": "27"
    },
    {
        "user_id": "27",
        "playlist_id": "359"
    },
    {
        "user_id": "271",
        "playlist_id": "101"
    },
    {
        "user_id": "263",
        "playlist_id": "101"
    },
    {
        "user_id": "221",
        "playlist_id": "181"
    },
    {
        "user_id": "163",
        "playlist_id": "496"
    },
    {
        "user_id": "361",
        "playlist_id": "422"
    },
    {
        "user_id": "365",
        "playlist_id": "426"
    },
    {
        "user_id": "50",
        "playlist_id": "340"
    },
    {
        "user_id": "488",
        "playlist_id": "409"
    },
    {
        "user_id": "190",
        "playlist_id": "36"
    },
    {
        "user_id": "193",
        "playlist_id": "26"
    },
    {
        "user_id": "106",
        "playlist_id": "85"
    },
    {
        "user_id": "55",
        "playlist_id": "320"
    },
    {
        "user_id": "344",
        "playlist_id": "38"
    },
    {
        "user_id": "333",
        "playlist_id": "25"
    },
    {
        "user_id": "268",
        "playlist_id": "90"
    },
    {
        "user_id": "473",
        "playlist_id": "356"
    },
    {
        "user_id": "244",
        "playlist_id": "279"
    },
    {
        "user_id": "428",
        "playlist_id": "375"
    },
    {
        "user_id": "278",
        "playlist_id": "339"
    },
    {
        "user_id": "220",
        "playlist_id": "18"
    },
    {
        "user_id": "432",
        "playlist_id": "250"
    },
    {
        "user_id": "53",
        "playlist_id": "93"
    },
    {
        "user_id": "191",
        "playlist_id": "352"
    },
    {
        "user_id": "63",
        "playlist_id": "67"
    },
    {
        "user_id": "320",
        "playlist_id": "279"
    },
    {
        "user_id": "155",
        "playlist_id": "268"
    },
    {
        "user_id": "346",
        "playlist_id": "95"
    },
    {
        "user_id": "236",
        "playlist_id": "80"
    },
    {
        "user_id": "158",
        "playlist_id": "71"
    },
    {
        "user_id": "177",
        "playlist_id": "303"
    },
    {
        "user_id": "364",
        "playlist_id": "115"
    },
    {
        "user_id": "421",
        "playlist_id": "375"
    },
    {
        "user_id": "400",
        "playlist_id": "45"
    },
    {
        "user_id": "493",
        "playlist_id": "491"
    },
    {
        "user_id": "435",
        "playlist_id": "340"
    },
    {
        "user_id": "47",
        "playlist_id": "493"
    },
    {
        "user_id": "286",
        "playlist_id": "200"
    },
    {
        "user_id": "24",
        "playlist_id": "178"
    },
    {
        "user_id": "70",
        "playlist_id": "141"
    },
    {
        "user_id": "483",
        "playlist_id": "67"
    },
    {
        "user_id": "141",
        "playlist_id": "359"
    },
    {
        "user_id": "247",
        "playlist_id": "294"
    },
    {
        "user_id": "346",
        "playlist_id": "361"
    },
    {
        "user_id": "120",
        "playlist_id": "326"
    },
    {
        "user_id": "303",
        "playlist_id": "168"
    },
    {
        "user_id": "391",
        "playlist_id": "294"
    },
    {
        "user_id": "38",
        "playlist_id": "487"
    },
    {
        "user_id": "382",
        "playlist_id": "262"
    },
    {
        "user_id": "164",
        "playlist_id": "447"
    },
    {
        "user_id": "39",
        "playlist_id": "79"
    }
]