[
    {
        "user_id": "128",
        "song_id": "234"
    },
    {
        "user_id": "313",
        "song_id": "400"
    },
    {
        "user_id": "404",
        "song_id": "447"
    },
    {
        "user_id": "406",
        "song_id": "453"
    },
    {
        "user_id": "198",
        "song_id": "184"
    },
    {
        "user_id": "68",
        "song_id": "164"
    },
    {
        "user_id": "262",
        "song_id": "241"
    },
    {
        "user_id": "122",
        "song_id": "347"
    },
    {
        "user_id": "39",
        "song_id": "499"
    },
    {
        "user_id": "331",
        "song_id": "196"
    },
    {
        "user_id": "96",
        "song_id": "486"
    },
    {
        "user_id": "494",
        "song_id": "17"
    },
    {
        "user_id": "5",
        "song_id": "118"
    },
    {
        "user_id": "25",
        "song_id": "254"
    },
    {
        "user_id": "132",
        "song_id": "20"
    },
    {
        "user_id": "378",
        "song_id": "247"
    },
    {
        "user_id": "172",
        "song_id": "210"
    },
    {
        "user_id": "394",
        "song_id": "345"
    },
    {
        "user_id": "204",
        "song_id": "185"
    },
    {
        "user_id": "168",
        "song_id": "101"
    },
    {
        "user_id": "153",
        "song_id": "6"
    },
    {
        "user_id": "458",
        "song_id": "470"
    },
    {
        "user_id": "37",
        "song_id": "15"
    },
    {
        "user_id": "22",
        "song_id": "436"
    },
    {
        "user_id": "115",
        "song_id": "83"
    },
    {
        "user_id": "205",
        "song_id": "361"
    },
    {
        "user_id": "361",
        "song_id": "286"
    },
    {
        "user_id": "194",
        "song_id": "58"
    },
    {
        "user_id": "443",
        "song_id": "379"
    },
    {
        "user_id": "368",
        "song_id": "384"
    },
    {
        "user_id": "14",
        "song_id": "477"
    },
    {
        "user_id": "307",
        "song_id": "392"
    },
    {
        "user_id": "435",
        "song_id": "458"
    },
    {
        "user_id": "206",
        "song_id": "272"
    },
    {
        "user_id": "12",
        "song_id": "407"
    },
    {
        "user_id": "263",
        "song_id": "34"
    },
    {
        "user_id": "338",
        "song_id": "357"
    },
    {
        "user_id": "153",
        "song_id": "425"
    },
    {
        "user_id": "242",
        "song_id": "18"
    },
    {
        "user_id": "382",
        "song_id": "349"
    },
    {
        "user_id": "375",
        "song_id": "486"
    },
    {
        "user_id": "393",
        "song_id": "378"
    },
    {
        "user_id": "222",
        "song_id": "106"
    },
    {
        "user_id": "404",
        "song_id": "65"
    },
    {
        "user_id": "433",
        "song_id": "128"
    },
    {
        "user_id": "466",
        "song_id": "220"
    },
    {
        "user_id": "134",
        "song_id": "44"
    },
    {
        "user_id": "427",
        "song_id": "294"
    },
    {
        "user_id": "44",
        "song_id": "121"
    },
    {
        "user_id": "494",
        "song_id": "487"
    },
    {
        "user_id": "260",
        "song_id": "286"
    },
    {
        "user_id": "13",
        "song_id": "300"
    },
    {
        "user_id": "83",
        "song_id": "367"
    },
    {
        "user_id": "37",
        "song_id": "315"
    },
    {
        "user_id": "254",
        "song_id": "254"
    },
    {
        "user_id": "347",
        "song_id": "360"
    },
    {
        "user_id": "121",
        "song_id": "234"
    },
    {
        "user_id": "471",
        "song_id": "328"
    },
    {
        "user_id": "35",
        "song_id": "300"
    },
    {
        "user_id": "414",
        "song_id": "18"
    },
    {
        "user_id": "182",
        "song_id": "295"
    },
    {
        "user_id": "205",
        "song_id": "246"
    },
    {
        "user_id": "31",
        "song_id": "191"
    },
    {
        "user_id": "280",
        "song_id": "121"
    },
    {
        "user_id": "148",
        "song_id": "53"
    },
    {
        "user_id": "451",
        "song_id": "90"
    },
    {
        "user_id": "292",
        "song_id": "482"
    },
    {
        "user_id": "457",
        "song_id": "282"
    },
    {
        "user_id": "217",
        "song_id": "179"
    },
    {
        "user_id": "27",
        "song_id": "107"
    },
    {
        "user_id": "394",
        "song_id": "475"
    },
    {
        "user_id": "458",
        "song_id": "378"
    },
    {
        "user_id": "94",
        "song_id": "335"
    },
    {
        "user_id": "299",
        "song_id": "335"
    },
    {
        "user_id": "389",
        "song_id": "43"
    },
    {
        "user_id": "239",
        "song_id": "118"
    },
    {
        "user_id": "38",
        "song_id": "181"
    },
    {
        "user_id": "216",
        "song_id": "482"
    },
    {
        "user_id": "219",
        "song_id": "240"
    },
    {
        "user_id": "294",
        "song_id": "151"
    },
    {
        "user_id": "81",
        "song_id": "111"
    },
    {
        "user_id": "229",
        "song_id": "126"
    },
    {
        "user_id": "119",
        "song_id": "63"
    },
    {
        "user_id": "286",
        "song_id": "280"
    },
    {
        "user_id": "495",
        "song_id": "110"
    },
    {
        "user_id": "323",
        "song_id": "477"
    },
    {
        "user_id": "161",
        "song_id": "369"
    },
    {
        "user_id": "208",
        "song_id": "238"
    },
    {
        "user_id": "212",
        "song_id": "141"
    },
    {
        "user_id": "6",
        "song_id": "77"
    },
    {
        "user_id": "58",
        "song_id": "193"
    },
    {
        "user_id": "198",
        "song_id": "176"
    },
    {
        "user_id": "479",
        "song_id": "221"
    },
    {
        "user_id": "238",
        "song_id": "110"
    },
    {
        "user_id": "202",
        "song_id": "246"
    },
    {
        "user_id": "255",
        "song_id": "184"
    },
    {
        "user_id": "179",
        "song_id": "460"
    },
    {
        "user_id": "152",
        "song_id": "255"
    },
    {
        "user_id": "364",
        "song_id": "42"
    },
    {
        "user_id": "423",
        "song_id": "226"
    },
    {
        "user_id": "7",
        "song_id": "291"
    },
    {
        "user_id": "42",
        "song_id": "480"
    },
    {
        "user_id": "187",
        "song_id": "322"
    },
    {
        "user_id": "258",
        "song_id": "422"
    },
    {
        "user_id": "388",
        "song_id": "273"
    },
    {
        "user_id": "40",
        "song_id": "159"
    },
    {
        "user_id": "80",
        "song_id": "467"
    },
    {
        "user_id": "180",
        "song_id": "74"
    },
    {
        "user_id": "35",
        "song_id": "398"
    },
    {
        "user_id": "341",
        "song_id": "460"
    },
    {
        "user_id": "336",
        "song_id": "83"
    },
    {
        "user_id": "73",
        "song_id": "250"
    },
    {
        "user_id": "457",
        "song_id": "309"
    },
    {
        "user_id": "375",
        "song_id": "123"
    },
    {
        "user_id": "28",
        "song_id": "178"
    },
    {
        "user_id": "120",
        "song_id": "168"
    },
    {
        "user_id": "319",
        "song_id": "444"
    },
    {
        "user_id": "339",
        "song_id": "370"
    },
    {
        "user_id": "286",
        "song_id": "478"
    },
    {
        "user_id": "24",
        "song_id": "279"
    },
    {
        "user_id": "151",
        "song_id": "342"
    },
    {
        "user_id": "300",
        "song_id": "471"
    },
    {
        "user_id": "104",
        "song_id": "402"
    },
    {
        "user_id": "129",
        "song_id": "225"
    },
    {
        "user_id": "288",
        "song_id": "157"
    },
    {
        "user_id": "223",
        "song_id": "244"
    },
    {
        "user_id": "416",
        "song_id": "428"
    },
    {
        "user_id": "437",
        "song_id": "88"
    },
    {
        "user_id": "145",
        "song_id": "384"
    },
    {
        "user_id": "345",
        "song_id": "493"
    },
    {
        "user_id": "234",
        "song_id": "158"
    },
    {
        "user_id": "236",
        "song_id": "56"
    },
    {
        "user_id": "321",
        "song_id": "67"
    },
    {
        "user_id": "188",
        "song_id": "440"
    },
    {
        "user_id": "59",
        "song_id": "339"
    },
    {
        "user_id": "412",
        "song_id": "324"
    },
    {
        "user_id": "95",
        "song_id": "484"
    },
    {
        "user_id": "139",
        "song_id": "430"
    },
    {
        "user_id": "225",
        "song_id": "171"
    },
    {
        "user_id": "131",
        "song_id": "240"
    },
    {
        "user_id": "66",
        "song_id": "365"
    },
    {
        "user_id": "310",
        "song_id": "322"
    },
    {
        "user_id": "300",
        "song_id": "474"
    },
    {
        "user_id": "361",
        "song_id": "325"
    },
    {
        "user_id": "369",
        "song_id": "124"
    },
    {
        "user_id": "4",
        "song_id": "32"
    },
    {
        "user_id": "226",
        "song_id": "283"
    },
    {
        "user_id": "210",
        "song_id": "56"
    },
    {
        "user_id": "177",
        "song_id": "328"
    },
    {
        "user_id": "169",
        "song_id": "429"
    },
    {
        "user_id": "101",
        "song_id": "395"
    },
    {
        "user_id": "19",
        "song_id": "274"
    },
    {
        "user_id": "69",
        "song_id": "399"
    },
    {
        "user_id": "168",
        "song_id": "79"
    },
    {
        "user_id": "470",
        "song_id": "429"
    },
    {
        "user_id": "177",
        "song_id": "335"
    },
    {
        "user_id": "35",
        "song_id": "234"
    },
    {
        "user_id": "131",
        "song_id": "109"
    },
    {
        "user_id": "337",
        "song_id": "143"
    },
    {
        "user_id": "17",
        "song_id": "299"
    },
    {
        "user_id": "284",
        "song_id": "290"
    },
    {
        "user_id": "332",
        "song_id": "392"
    },
    {
        "user_id": "149",
        "song_id": "90"
    },
    {
        "user_id": "149",
        "song_id": "35"
    },
    {
        "user_id": "289",
        "song_id": "466"
    },
    {
        "user_id": "340",
        "song_id": "299"
    },
    {
        "user_id": "277",
        "song_id": "227"
    },
    {
        "user_id": "130",
        "song_id": "487"
    },
    {
        "user_id": "272",
        "song_id": "218"
    },
    {
        "user_id": "204",
        "song_id": "127"
    },
    {
        "user_id": "299",
        "song_id": "180"
    },
    {
        "user_id": "181",
        "song_id": "112"
    },
    {
        "user_id": "139",
        "song_id": "60"
    },
    {
        "user_id": "415",
        "song_id": "380"
    },
    {
        "user_id": "462",
        "song_id": "46"
    },
    {
        "user_id": "2",
        "song_id": "273"
    },
    {
        "user_id": "5",
        "song_id": "120"
    },
    {
        "user_id": "410",
        "song_id": "325"
    },
    {
        "user_id": "10",
        "song_id": "291"
    },
    {
        "user_id": "404",
        "song_id": "318"
    },
    {
        "user_id": "249",
        "song_id": "105"
    },
    {
        "user_id": "201",
        "song_id": "342"
    },
    {
        "user_id": "312",
        "song_id": "44"
    },
    {
        "user_id": "148",
        "song_id": "323"
    },
    {
        "user_id": "496",
        "song_id": "383"
    },
    {
        "user_id": "41",
        "song_id": "83"
    },
    {
        "user_id": "306",
        "song_id": "483"
    },
    {
        "user_id": "498",
        "song_id": "197"
    },
    {
        "user_id": "48",
        "song_id": "440"
    },
    {
        "user_id": "179",
        "song_id": "363"
    },
    {
        "user_id": "95",
        "song_id": "50"
    },
    {
        "user_id": "446",
        "song_id": "55"
    },
    {
        "user_id": "57",
        "song_id": "218"
    },
    {
        "user_id": "203",
        "song_id": "376"
    },
    {
        "user_id": "349",
        "song_id": "347"
    },
    {
        "user_id": "51",
        "song_id": "168"
    },
    {
        "user_id": "404",
        "song_id": "181"
    },
    {
        "user_id": "5",
        "song_id": "17"
    },
    {
        "user_id": "72",
        "song_id": "166"
    },
    {
        "user_id": "302",
        "song_id": "73"
    },
    {
        "user_id": "123",
        "song_id": "356"
    },
    {
        "user_id": "85",
        "song_id": "232"
    },
    {
        "user_id": "238",
        "song_id": "117"
    },
    {
        "user_id": "192",
        "song_id": "133"
    },
    {
        "user_id": "308",
        "song_id": "435"
    },
    {
        "user_id": "493",
        "song_id": "154"
    },
    {
        "user_id": "58",
        "song_id": "7"
    },
    {
        "user_id": "389",
        "song_id": "259"
    },
    {
        "user_id": "144",
        "song_id": "121"
    },
    {
        "user_id": "84",
        "song_id": "500"
    },
    {
        "user_id": "148",
        "song_id": "469"
    },
    {
        "user_id": "486",
        "song_id": "486"
    },
    {
        "user_id": "54",
        "song_id": "212"
    },
    {
        "user_id": "247",
        "song_id": "457"
    },
    {
        "user_id": "124",
        "song_id": "419"
    },
    {
        "user_id": "28",
        "song_id": "343"
    },
    {
        "user_id": "28",
        "song_id": "248"
    },
    {
        "user_id": "174",
        "song_id": "252"
    },
    {
        "user_id": "221",
        "song_id": "195"
    },
    {
        "user_id": "304",
        "song_id": "490"
    },
    {
        "user_id": "500",
        "song_id": "130"
    },
    {
        "user_id": "318",
        "song_id": "497"
    },
    {
        "user_id": "191",
        "song_id": "124"
    },
    {
        "user_id": "107",
        "song_id": "356"
    },
    {
        "user_id": "129",
        "song_id": "184"
    },
    {
        "user_id": "297",
        "song_id": "27"
    },
    {
        "user_id": "300",
        "song_id": "304"
    },
    {
        "user_id": "485",
        "song_id": "409"
    },
    {
        "user_id": "356",
        "song_id": "170"
    },
    {
        "user_id": "114",
        "song_id": "262"
    },
    {
        "user_id": "120",
        "song_id": "88"
    },
    {
        "user_id": "156",
        "song_id": "213"
    },
    {
        "user_id": "222",
        "song_id": "206"
    },
    {
        "user_id": "305",
        "song_id": "476"
    },
    {
        "user_id": "332",
        "song_id": "278"
    },
    {
        "user_id": "315",
        "song_id": "128"
    },
    {
        "user_id": "264",
        "song_id": "156"
    },
    {
        "user_id": "279",
        "song_id": "11"
    },
    {
        "user_id": "280",
        "song_id": "365"
    },
    {
        "user_id": "10",
        "song_id": "407"
    },
    {
        "user_id": "196",
        "song_id": "393"
    },
    {
        "user_id": "196",
        "song_id": "126"
    },
    {
        "user_id": "70",
        "song_id": "81"
    },
    {
        "user_id": "77",
        "song_id": "378"
    },
    {
        "user_id": "378",
        "song_id": "253"
    },
    {
        "user_id": "360",
        "song_id": "142"
    },
    {
        "user_id": "383",
        "song_id": "263"
    },
    {
        "user_id": "325",
        "song_id": "296"
    },
    {
        "user_id": "198",
        "song_id": "365"
    },
    {
        "user_id": "122",
        "song_id": "448"
    },
    {
        "user_id": "294",
        "song_id": "360"
    },
    {
        "user_id": "201",
        "song_id": "162"
    },
    {
        "user_id": "233",
        "song_id": "482"
    },
    {
        "user_id": "214",
        "song_id": "309"
    },
    {
        "user_id": "188",
        "song_id": "10"
    },
    {
        "user_id": "139",
        "song_id": "94"
    },
    {
        "user_id": "170",
        "song_id": "352"
    },
    {
        "user_id": "317",
        "song_id": "2"
    },
    {
        "user_id": "295",
        "song_id": "38"
    },
    {
        "user_id": "356",
        "song_id": "89"
    },
    {
        "user_id": "187",
        "song_id": "452"
    },
    {
        "user_id": "432",
        "song_id": "369"
    },
    {
        "user_id": "110",
        "song_id": "478"
    },
    {
        "user_id": "281",
        "song_id": "211"
    },
    {
        "user_id": "74",
        "song_id": "170"
    },
    {
        "user_id": "410",
        "song_id": "69"
    },
    {
        "user_id": "49",
        "song_id": "476"
    },
    {
        "user_id": "297",
        "song_id": "246"
    },
    {
        "user_id": "269",
        "song_id": "326"
    },
    {
        "user_id": "278",
        "song_id": "48"
    },
    {
        "user_id": "156",
        "song_id": "301"
    },
    {
        "user_id": "344",
        "song_id": "480"
    },
    {
        "user_id": "95",
        "song_id": "238"
    },
    {
        "user_id": "391",
        "song_id": "344"
    },
    {
        "user_id": "2",
        "song_id": "88"
    },
    {
        "user_id": "52",
        "song_id": "440"
    },
    {
        "user_id": "67",
        "song_id": "494"
    },
    {
        "user_id": "110",
        "song_id": "98"
    },
    {
        "user_id": "420",
        "song_id": "58"
    },
    {
        "user_id": "128",
        "song_id": "388"
    },
    {
        "user_id": "21",
        "song_id": "284"
    },
    {
        "user_id": "165",
        "song_id": "297"
    },
    {
        "user_id": "391",
        "song_id": "495"
    },
    {
        "user_id": "453",
        "song_id": "458"
    },
    {
        "user_id": "93",
        "song_id": "273"
    },
    {
        "user_id": "200",
        "song_id": "276"
    },
    {
        "user_id": "338",
        "song_id": "163"
    },
    {
        "user_id": "169",
        "song_id": "492"
    },
    {
        "user_id": "435",
        "song_id": "343"
    },
    {
        "user_id": "100",
        "song_id": "210"
    },
    {
        "user_id": "383",
        "song_id": "138"
    },
    {
        "user_id": "238",
        "song_id": "105"
    },
    {
        "user_id": "443",
        "song_id": "408"
    },
    {
        "user_id": "204",
        "song_id": "445"
    },
    {
        "user_id": "344",
        "song_id": "212"
    },
    {
        "user_id": "193",
        "song_id": "319"
    },
    {
        "user_id": "483",
        "song_id": "412"
    },
    {
        "user_id": "336",
        "song_id": "288"
    },
    {
        "user_id": "325",
        "song_id": "473"
    },
    {
        "user_id": "454",
        "song_id": "89"
    },
    {
        "user_id": "49",
        "song_id": "183"
    },
    {
        "user_id": "45",
        "song_id": "270"
    },
    {
        "user_id": "138",
        "song_id": "214"
    },
    {
        "user_id": "390",
        "song_id": "287"
    },
    {
        "user_id": "288",
        "song_id": "450"
    },
    {
        "user_id": "249",
        "song_id": "82"
    },
    {
        "user_id": "67",
        "song_id": "122"
    },
    {
        "user_id": "229",
        "song_id": "260"
    },
    {
        "user_id": "309",
        "song_id": "333"
    },
    {
        "user_id": "334",
        "song_id": "466"
    },
    {
        "user_id": "491",
        "song_id": "286"
    },
    {
        "user_id": "5",
        "song_id": "318"
    },
    {
        "user_id": "81",
        "song_id": "17"
    },
    {
        "user_id": "365",
        "song_id": "57"
    },
    {
        "user_id": "184",
        "song_id": "38"
    },
    {
        "user_id": "171",
        "song_id": "137"
    },
    {
        "user_id": "230",
        "song_id": "398"
    },
    {
        "user_id": "33",
        "song_id": "366"
    },
    {
        "user_id": "258",
        "song_id": "321"
    },
    {
        "user_id": "248",
        "song_id": "220"
    },
    {
        "user_id": "241",
        "song_id": "42"
    },
    {
        "user_id": "33",
        "song_id": "38"
    },
    {
        "user_id": "418",
        "song_id": "366"
    },
    {
        "user_id": "283",
        "song_id": "202"
    },
    {
        "user_id": "296",
        "song_id": "399"
    },
    {
        "user_id": "318",
        "song_id": "334"
    },
    {
        "user_id": "33",
        "song_id": "428"
    },
    {
        "user_id": "245",
        "song_id": "193"
    },
    {
        "user_id": "496",
        "song_id": "233"
    },
    {
        "user_id": "163",
        "song_id": "94"
    },
    {
        "user_id": "424",
        "song_id": "83"
    },
    {
        "user_id": "140",
        "song_id": "391"
    },
    {
        "user_id": "336",
        "song_id": "234"
    },
    {
        "user_id": "262",
        "song_id": "192"
    },
    {
        "user_id": "224",
        "song_id": "216"
    },
    {
        "user_id": "228",
        "song_id": "385"
    },
    {
        "user_id": "392",
        "song_id": "337"
    },
    {
        "user_id": "256",
        "song_id": "245"
    },
    {
        "user_id": "135",
        "song_id": "233"
    },
    {
        "user_id": "318",
        "song_id": "353"
    },
    {
        "user_id": "426",
        "song_id": "127"
    },
    {
        "user_id": "473",
        "song_id": "467"
    },
    {
        "user_id": "290",
        "song_id": "338"
    },
    {
        "user_id": "262",
        "song_id": "144"
    },
    {
        "user_id": "166",
        "song_id": "447"
    },
    {
        "user_id": "350",
        "song_id": "111"
    },
    {
        "user_id": "313",
        "song_id": "463"
    },
    {
        "user_id": "169",
        "song_id": "406"
    },
    {
        "user_id": "9",
        "song_id": "170"
    },
    {
        "user_id": "75",
        "song_id": "5"
    },
    {
        "user_id": "273",
        "song_id": "122"
    },
    {
        "user_id": "410",
        "song_id": "350"
    },
    {
        "user_id": "217",
        "song_id": "441"
    },
    {
        "user_id": "292",
        "song_id": "480"
    },
    {
        "user_id": "445",
        "song_id": "447"
    },
    {
        "user_id": "420",
        "song_id": "46"
    },
    {
        "user_id": "396",
        "song_id": "110"
    },
    {
        "user_id": "270",
        "song_id": "62"
    },
    {
        "user_id": "104",
        "song_id": "13"
    },
    {
        "user_id": "370",
        "song_id": "313"
    },
    {
        "user_id": "428",
        "song_id": "53"
    },
    {
        "user_id": "352",
        "song_id": "302"
    },
    {
        "user_id": "139",
        "song_id": "123"
    },
    {
        "user_id": "339",
        "song_id": "367"
    },
    {
        "user_id": "37",
        "song_id": "484"
    },
    {
        "user_id": "222",
        "song_id": "269"
    },
    {
        "user_id": "473",
        "song_id": "173"
    },
    {
        "user_id": "325",
        "song_id": "137"
    },
    {
        "user_id": "325",
        "song_id": "435"
    },
    {
        "user_id": "58",
        "song_id": "12"
    },
    {
        "user_id": "6",
        "song_id": "45"
    },
    {
        "user_id": "74",
        "song_id": "409"
    },
    {
        "user_id": "282",
        "song_id": "471"
    },
    {
        "user_id": "448",
        "song_id": "437"
    },
    {
        "user_id": "409",
        "song_id": "477"
    },
    {
        "user_id": "110",
        "song_id": "386"
    },
    {
        "user_id": "487",
        "song_id": "115"
    },
    {
        "user_id": "373",
        "song_id": "11"
    },
    {
        "user_id": "112",
        "song_id": "438"
    },
    {
        "user_id": "23",
        "song_id": "336"
    },
    {
        "user_id": "480",
        "song_id": "474"
    },
    {
        "user_id": "453",
        "song_id": "335"
    },
    {
        "user_id": "132",
        "song_id": "87"
    },
    {
        "user_id": "226",
        "song_id": "26"
    },
    {
        "user_id": "298",
        "song_id": "476"
    },
    {
        "user_id": "490",
        "song_id": "281"
    },
    {
        "user_id": "198",
        "song_id": "362"
    },
    {
        "user_id": "202",
        "song_id": "297"
    },
    {
        "user_id": "375",
        "song_id": "288"
    },
    {
        "user_id": "438",
        "song_id": "315"
    },
    {
        "user_id": "173",
        "song_id": "365"
    },
    {
        "user_id": "231",
        "song_id": "79"
    },
    {
        "user_id": "442",
        "song_id": "254"
    },
    {
        "user_id": "438",
        "song_id": "177"
    },
    {
        "user_id": "126",
        "song_id": "94"
    },
    {
        "user_id": "91",
        "song_id": "288"
    },
    {
        "user_id": "337",
        "song_id": "82"
    },
    {
        "user_id": "126",
        "song_id": "163"
    },
    {
        "user_id": "188",
        "song_id": "451"
    },
    {
        "user_id": "70",
        "song_id": "387"
    },
    {
        "user_id": "174",
        "song_id": "347"
    },
    {
        "user_id": "192",
        "song_id": "350"
    },
    {
        "user_id": "27",
        "song_id": "372"
    },
    {
        "user_id": "402",
        "song_id": "104"
    },
    {
        "user_id": "22",
        "song_id": "77"
    },
    {
        "user_id": "144",
        "song_id": "325"
    },
    {
        "user_id": "290",
        "song_id": "141"
    },
    {
        "user_id": "49",
        "song_id": "161"
    },
    {
        "user_id": "310",
        "song_id": "137"
    },
    {
        "user_id": "244",
        "song_id": "66"
    },
    {
        "user_id": "336",
        "song_id": "165"
    },
    {
        "user_id": "66",
        "song_id": "406"
    },
    {
        "user_id": "286",
        "song_id": "223"
    },
    {
        "user_id": "399",
        "song_id": "128"
    },
    {
        "user_id": "462",
        "song_id": "275"
    },
    {
        "user_id": "225",
        "song_id": "474"
    },
    {
        "user_id": "62",
        "song_id": "264"
    },
    {
        "user_id": "43",
        "song_id": "254"
    },
    {
        "user_id": "430",
        "song_id": "420"
    },
    {
        "user_id": "95",
        "song_id": "494"
    },
    {
        "user_id": "163",
        "song_id": "367"
    },
    {
        "user_id": "299",
        "song_id": "323"
    },
    {
        "user_id": "109",
        "song_id": "364"
    },
    {
        "user_id": "148",
        "song_id": "366"
    },
    {
        "user_id": "308",
        "song_id": "238"
    },
    {
        "user_id": "299",
        "song_id": "80"
    },
    {
        "user_id": "418",
        "song_id": "37"
    },
    {
        "user_id": "320",
        "song_id": "324"
    },
    {
        "user_id": "13",
        "song_id": "161"
    },
    {
        "user_id": "434",
        "song_id": "170"
    },
    {
        "user_id": "27",
        "song_id": "125"
    },
    {
        "user_id": "7",
        "song_id": "260"
    },
    {
        "user_id": "411",
        "song_id": "196"
    },
    {
        "user_id": "40",
        "song_id": "356"
    },
    {
        "user_id": "208",
        "song_id": "379"
    },
    {
        "user_id": "499",
        "song_id": "348"
    },
    {
        "user_id": "249",
        "song_id": "454"
    },
    {
        "user_id": "259",
        "song_id": "64"
    },
    {
        "user_id": "462",
        "song_id": "23"
    },
    {
        "user_id": "218",
        "song_id": "231"
    },
    {
        "user_id": "276",
        "song_id": "48"
    },
    {
        "user_id": "350",
        "song_id": "123"
    },
    {
        "user_id": "280",
        "song_id": "32"
    },
    {
        "user_id": "33",
        "song_id": "221"
    },
    {
        "user_id": "168",
        "song_id": "71"
    },
    {
        "user_id": "496",
        "song_id": "439"
    },
    {
        "user_id": "3",
        "song_id": "341"
    },
    {
        "user_id": "491",
        "song_id": "336"
    },
    {
        "user_id": "371",
        "song_id": "72"
    },
    {
        "user_id": "30",
        "song_id": "497"
    },
    {
        "user_id": "469",
        "song_id": "63"
    },
    {
        "user_id": "329",
        "song_id": "30"
    },
    {
        "user_id": "49",
        "song_id": "245"
    },
    {
        "user_id": "44",
        "song_id": "161"
    },
    {
        "user_id": "494",
        "song_id": "297"
    },
    {
        "user_id": "354",
        "song_id": "266"
    },
    {
        "user_id": "157",
        "song_id": "283"
    },
    {
        "user_id": "358",
        "song_id": "145"
    },
    {
        "user_id": "315",
        "song_id": "420"
    },
    {
        "user_id": "53",
        "song_id": "336"
    },
    {
        "user_id": "260",
        "song_id": "234"
    },
    {
        "user_id": "35",
        "song_id": "137"
    },
    {
        "user_id": "359",
        "song_id": "72"
    },
    {
        "user_id": "376",
        "song_id": "33"
    },
    {
        "user_id": "290",
        "song_id": "193"
    },
    {
        "user_id": "248",
        "song_id": "462"
    },
    {
        "user_id": "165",
        "song_id": "353"
    },
    {
        "user_id": "162",
        "song_id": "169"
    },
    {
        "user_id": "285",
        "song_id": "80"
    },
    {
        "user_id": "495",
        "song_id": "304"
    },
    {
        "user_id": "393",
        "song_id": "159"
    },
    {
        "user_id": "470",
        "song_id": "149"
    },
    {
        "user_id": "349",
        "song_id": "159"
    },
    {
        "user_id": "422",
        "song_id": "148"
    },
    {
        "user_id": "235",
        "song_id": "256"
    },
    {
        "user_id": "175",
        "song_id": "196"
    },
    {
        "user_id": "87",
        "song_id": "167"
    },
    {
        "user_id": "293",
        "song_id": "67"
    },
    {
        "user_id": "329",
        "song_id": "81"
    },
    {
        "user_id": "122",
        "song_id": "379"
    },
    {
        "user_id": "463",
        "song_id": "101"
    },
    {
        "user_id": "349",
        "song_id": "403"
    },
    {
        "user_id": "229",
        "song_id": "129"
    },
    {
        "user_id": "220",
        "song_id": "198"
    },
    {
        "user_id": "92",
        "song_id": "383"
    },
    {
        "user_id": "63",
        "song_id": "260"
    },
    {
        "user_id": "323",
        "song_id": "197"
    },
    {
        "user_id": "140",
        "song_id": "64"
    },
    {
        "user_id": "102",
        "song_id": "476"
    },
    {
        "user_id": "342",
        "song_id": "43"
    },
    {
        "user_id": "485",
        "song_id": "212"
    },
    {
        "user_id": "484",
        "song_id": "39"
    },
    {
        "user_id": "61",
        "song_id": "60"
    },
    {
        "user_id": "130",
        "song_id": "490"
    },
    {
        "user_id": "64",
        "song_id": "440"
    },
    {
        "user_id": "188",
        "song_id": "411"
    },
    {
        "user_id": "18",
        "song_id": "9"
    },
    {
        "user_id": "87",
        "song_id": "379"
    },
    {
        "user_id": "402",
        "song_id": "477"
    },
    {
        "user_id": "172",
        "song_id": "352"
    }
]