user_id,song_id
US1,SO234
US10,SO400
US100,SO447
US101,SO453
US102,SO184
US103,SO164
US104,SO241
US105,SO347
US106,SO499
US107,SO196
US108,SO486
US109,SO17
US11,SO118
US110,SO254
US111,SO20
US112,SO247
US113,SO210
US114,SO345
US115,SO185
US116,SO101
US117,SO6
US118,SO470
US119,SO15
US12,SO436
US120,SO83
US121,SO361
US122,SO286
US123,SO58
US124,SO379
US125,SO384
US126,SO477
US127,SO392
US128,SO458
US129,SO272
US13,SO407
US130,SO34
US131,SO357
US132,SO425
US133,SO18
US134,SO349
US135,SO486
US136,SO378
US137,SO106
US138,SO65
US139,SO128
US14,SO220
US140,SO44
US141,SO294
US142,SO121
US143,SO487
US144,SO286
US145,SO300
US146,SO367
US147,SO315
US148,SO254
US149,SO360
US15,SO234
US150,SO328
US151,SO300
US152,SO18
US153,SO295
US154,SO246
US155,SO191
US156,SO121
US157,SO53
US158,SO90
US159,SO482
US16,SO282
US160,SO179
US161,SO107
US162,SO475
US163,SO378
US164,SO335
US165,SO335
US166,SO43
US167,SO118
US168,SO181
US169,SO482
US17,SO240
US170,SO151
US171,SO111
US172,SO126
US173,SO63
US174,SO280
US175,SO110
US176,SO477
US177,SO369
US178,SO238
US179,SO141
US18,SO77
US180,SO193
US181,SO176
US182,SO221
US183,SO110
US184,SO246
US185,SO184
US186,SO460
US187,SO255
US188,SO42
US189,SO226
US19,SO291
US190,SO480
US191,SO322
US192,SO422
US193,SO273
US194,SO159
US195,SO467
US196,SO74
US197,SO398
US198,SO460
US199,SO83
US2,SO250
US20,SO309
US200,SO123
US201,SO178
US202,SO168
US203,SO444
US204,SO370
US205,SO478
US206,SO279
US207,SO342
US208,SO471
US209,SO402
US21,SO225
US210,SO157
US211,SO244
US212,SO428
US213,SO88
US214,SO384
US215,SO493
US216,SO158
US217,SO56
US218,SO67
US219,SO440
US22,SO339
US220,SO324
US221,SO484
US222,SO430
US223,SO171
US224,SO240
US225,SO365
US226,SO322
US227,SO474
US228,SO325
US229,SO124
US23,SO32
US230,SO283
US231,SO56
US232,SO328
US233,SO429
US234,SO395
US235,SO274
US236,SO399
US237,SO79
US238,SO429
US239,SO335
US24,SO234
US240,SO109
US241,SO143
US242,SO299
US243,SO290
US244,SO392
US245,SO90
US246,SO35
US247,SO466
US248,SO299
US249,SO227
US25,SO487
US250,SO218
US251,SO127
US252,SO180
US253,SO112
US254,SO60
US255,SO380
US256,SO46
US257,SO273
US258,SO120
US259,SO325
US26,SO291
US260,SO318
US261,SO105
US262,SO342
US263,SO44
US264,SO323
US265,SO383
US266,SO83
US267,SO483
US268,SO197
US269,SO440
US27,SO363
US270,SO50
US271,SO55
US272,SO218
US273,SO376
US274,SO347
US275,SO168
US276,SO181
US277,SO17
US278,SO166
US279,SO73
US28,SO356
US280,SO232
US281,SO117
US282,SO133
US283,SO435
US284,SO154
US285,SO7
US286,SO259
US287,SO121
US288,SO500
US289,SO469
US29,SO486
US290,SO212
US291,SO457
US292,SO419
US293,SO343
US294,SO248
US295,SO252
US296,SO195
US297,SO490
US298,SO130
US299,SO497
US3,SO124
US30,SO356
US300,SO184
US301,SO27
US302,SO304
US303,SO409
US304,SO170
US305,SO262
US306,SO88
US307,SO213
US308,SO206
US309,SO476
US31,SO278
US310,SO128
US311,SO156
US312,SO11
US313,SO365
US314,SO407
US315,SO393
US316,SO126
US317,SO81
US318,SO378
US319,SO253
US32,SO142
US320,SO263
US321,SO296
US322,SO365
US323,SO448
US324,SO360
US325,SO162
US326,SO482
US327,SO309
US328,SO10
US329,SO94
US33,SO352
US330,SO2
US331,SO38
US332,SO89
US333,SO452
US334,SO369
US335,SO478
US336,SO211
US337,SO170
US338,SO69
US339,SO476
US34,SO246
US340,SO326
US341,SO48
US342,SO301
US343,SO480
US344,SO238
US345,SO344
US346,SO88
US347,SO440
US348,SO494
US349,SO98
US35,SO58
US350,SO388
US351,SO284
US352,SO297
US353,SO495
US354,SO458
US355,SO273
US356,SO276
US357,SO163
US358,SO492
US359,SO343
US36,SO210
US360,SO138
US361,SO105
US362,SO408
US363,SO445
US364,SO212
US365,SO319
US366,SO412
US367,SO288
US368,SO473
US369,SO89
US37,SO183
US370,SO270
US371,SO214
US372,SO287
US373,SO450
US374,SO82
US375,SO122
US376,SO260
US377,SO333
US378,SO466
US379,SO286
US38,SO318
US380,SO17
US381,SO57
US382,SO38
US383,SO137
US384,SO398
US385,SO366
US386,SO321
US387,SO220
US388,SO42
US389,SO38
US39,SO366
US390,SO202
US391,SO399
US392,SO334
US393,SO428
US394,SO193
US395,SO233
US396,SO94
US397,SO83
US398,SO391
US399,SO234
US4,SO192
US40,SO216
US400,SO385
US401,SO337
US402,SO245
US403,SO233
US404,SO353
US405,SO127
US406,SO467
US407,SO338
US408,SO144
US409,SO447
US41,SO111
US410,SO463
US411,SO406
US412,SO170
US413,SO5
US414,SO122
US415,SO350
US416,SO441
US417,SO480
US418,SO447
US419,SO46
US42,SO110
US420,SO62
US421,SO13
US422,SO313
US423,SO53
US424,SO302
US425,SO123
US426,SO367
US427,SO484
US428,SO269
US429,SO173
US43,SO137
US430,SO435
US431,SO12
US432,SO45
US433,SO409
US434,SO471
US435,SO437
US436,SO477
US437,SO386
US438,SO115
US439,SO11
US44,SO438
US440,SO336
US441,SO474
US442,SO335
US443,SO87
US444,SO26
US445,SO476
US446,SO281
US447,SO362
US448,SO297
US449,SO288
US45,SO315
US450,SO365
US451,SO79
US452,SO254
US453,SO177
US454,SO94
US455,SO288
US456,SO82
US457,SO163
US458,SO451
US459,SO387
US46,SO347
US460,SO350
US461,SO372
US462,SO104
US463,SO77
US464,SO325
US465,SO141
US466,SO161
US467,SO137
US468,SO66
US469,SO165
US47,SO406
US470,SO223
US471,SO128
US472,SO275
US473,SO474
US474,SO264
US475,SO254
US476,SO420
US477,SO494
US478,SO367
US479,SO323
US48,SO364
US480,SO366
US481,SO238
US482,SO80
US483,SO37
US484,SO324
US485,SO161
US486,SO170
US487,SO125
US488,SO260
US489,SO196
US49,SO356
US490,SO379
US491,SO348
US492,SO454
US493,SO64
US494,SO23
US495,SO231
US496,SO48
US497,SO123
US498,SO32
US499,SO221
US5,SO71
US50,SO439
US500,SO341
US51,SO336
US52,SO72
US53,SO497
US54,SO63
US55,SO30
US56,SO245
US57,SO161
US58,SO297
US59,SO266
US6,SO283
US60,SO145
US61,SO420
US62,SO336
US63,SO234
US64,SO137
US65,SO72
US66,SO33
US67,SO193
US68,SO462
US69,SO353
US7,SO169
US70,SO80
US71,SO304
US72,SO159
US73,SO149
US74,SO159
US75,SO148
US76,SO256
US77,SO196
US78,SO167
US79,SO67
US8,SO81
US80,SO379
US81,SO101
US82,SO403
US83,SO129
US84,SO198
US85,SO383
US86,SO260
US87,SO197
US88,SO64
US89,SO476
US9,SO43
US90,SO212
US91,SO39
US92,SO60
US93,SO490
US94,SO440
US95,SO411
US96,SO9
US97,SO379
US98,SO477
US99,SO352
