id,name,email,password,followers
AR1,Berta Reichel MD,chloe32@yahoo.com,1d05cb7fe340b13d28a8e93f4a588672317ed8a6,636
AR10,Dorris Mertz,bbruen@hotmail.com,2f078027dba78329d26ef922125c0ae7051dd122,841
AR100,Aleen Macejkovic,pfunk@yahoo.com,54df4d51269299e3be4fe69c646a1ed747faab99,638
AR101,Seth Mayert,dandre61@gmail.com,bd4ba307a3c306af6b9ec766073e05ae7cfcd3e4,14
AR102,Amy Torphy,goodwin.lessie@gmail.com,13bfb09c10db3b9ceb0a46b532903f667508a10d,353
AR103,Elmo Tremblay,halvorson.gregoria@gmail.com,dbafc536d868618b507f057e27bfc65b9206e868,711
AR104,Della Breitenberg,jazmin.macejkovic@yahoo.com,de5421bb353b00ad04bb9c1dec93fc75020ab537,566
AR105,Cheyenne Grady,kshlerin.matt@gmail.com,139e50b2aee58dddfb18b81ae7a476ed1aadb4d9,202
AR106,Angelita Rolfson,pfay@gmail.com,904e26c641c27d8e84c819a63d11e95e0adeed85,497
AR107,Ardella McKenzie DVM,kreiger.emerson@gmail.com,8d3a2d843b776955872882add32daa93dd44c617,670
AR108,Frances Breitenberg,gutmann.myrna@hotmail.com,138d0d4d63ef16b6f9a4599604e3e694e4d1c410,107
AR109,Dr. Amanda Mueller IV,jonas.beatty@yahoo.com,35630a63474271fd99e3c09f0f1415dd207b839e,580
AR11,Vada Nikolaus,christopher.hagenes@gmail.com,ea7ff3160e32b1f41750fd2345ae10a47fbe681c,661
AR110,Arjun Goyette,kschaefer@yahoo.com,88813a6cae4241dba3df5dea9f653b96d9fb3939,721
AR111,Prof. Ezequiel Robel,evans81@yahoo.com,bc81bfd73c6ecb43302936fd4262a8a7b8ed6f59,577
AR112,Gloria Stehr,jalen.nolan@yahoo.com,f2f43bd67d3443d4537d3c1698777f3cc6f4ee82,115
AR113,Dr. Freddy Simonis Jr.,ward.kole@hotmail.com,dcd7c7f1051c9e0615a527249cf901ee8446d540,584
AR114,Jace Vandervort V,dlockman@yahoo.com,72f6f763135194155ce70a8668ead0c2267534a0,613
AR115,Akeem Hermiston I,hand.jarod@gmail.com,fba9bbddbe22ba84d565c6a4460c1d3f61354cfd,618
AR116,Okey Skiles DVM,leanna.stanton@hotmail.com,f4a7646978ac04c6505d5dffd60ac5df7e55abbf,690
AR117,Clyde Maggio Sr.,lwiegand@gmail.com,c16df74925a3f2a4873fcf7e276758d8d549e005,308
AR118,Davion Jast,jglover@hotmail.com,fb269401b881fb94224e78c6fd8aa18ea58b1eb1,526
AR119,Prof. Precious Mante Jr.,balistreri.loma@hotmail.com,3aa4fee18f9e794c433ef5a6fa2ad533c23e31c7,796
AR12,Darian Sanford,purdy.gina@hotmail.com,229bf7cc5b767eb2c1318a353373121c113721b1,843
AR120,Kaleb Thompson,ebashirian@yahoo.com,0756c4590f447d803ad6fe3769bc9ee20f2d5143,871
AR121,Loyal Morissette,madyson.gottlieb@yahoo.com,4f3131f8ca2f8724a12fac108dfedfb40616d06b,768
AR122,Clovis Cartwright,katrine.kling@hotmail.com,aa3df341216926b765f7fe1597490e492e5ad1d7,749
AR123,Dr. Narciso Mayer MD,torphy.osborne@gmail.com,293ba3f629432d6ea3c288f8bcd71710557ec843,663
AR124,Omer Reilly,batz.lydia@hotmail.com,f8b9e55d02844933cd3abcfe71e8a893753c282c,646
AR125,Alisa O'Conner,danielle.krajcik@yahoo.com,a2813a5cc328896c5d4abdef06452656c2501e32,478
AR126,Ewell Hoeger,haleigh.gislason@yahoo.com,c2297558cc1d208b08518b32c0a69d478da9e727,106
AR127,Doyle Little,tiara51@hotmail.com,ea24800c5218549f2533e002d48882a4eeb3031d,778
AR128,Mr. Ron Windler Sr.,zlueilwitz@gmail.com,2161007def3c0291a76cb2dd16a509f4e986317e,943
AR129,Ms. Karlie Stark DVM,cayla.bernier@hotmail.com,47758b29e87a7a36534be0f3c2dec779c30e830e,375
AR13,Gloria Conroy IV,bhagenes@hotmail.com,412b32f6d12ea8d47376611986ec6ec70ea1d7c3,239
AR130,Remington Goyette,weimann.salma@hotmail.com,6acd221f67be406ae78ab5417766833e4cad1eda,180
AR131,Jennifer Durgan,ward.holly@hotmail.com,73996080e662dae51b8ad1c6d3daa535230e3f9f,561
AR132,Allene Abshire,grayson49@gmail.com,71020b6f5b11f45e1b6034b2923381995821e846,503
AR133,Destinee Lakin V,wilfrid.vonrueden@yahoo.com,e5eb167261b76bab866f64d2a92a2d36f74f9fb7,156
AR134,Daniela Jacobi,junius20@hotmail.com,20cac4fea1356872832e20e9317e7df883b441aa,419
AR135,Miss Diana Swift,stephany.ziemann@gmail.com,cc66693c1457f11c3c52667b3ca504c65a83312f,831
AR136,Dr. Leif Walsh Jr.,pollich.rubie@yahoo.com,e11a4bab54281d8f022d14dd1f95394e4a66d13b,118
AR137,Austin O'Connell,dmclaughlin@gmail.com,af600ee3e4be3b4b4309bf0b07c5c247d041abc8,460
AR138,Mr. Tyshawn White IV,german.kiehn@hotmail.com,c9a6089950931fc1753f8b504ca7d5c74d6509c5,702
AR139,Jace Torp,willms.jolie@gmail.com,5aa2921c2e8a8dbff8b7bb8350efe4d52391d0a2,173
AR14,Prof. Enrico Durgan V,yzieme@hotmail.com,55b724f6f6d1fe94e6b2712392ab766f23def850,659
AR140,Mr. Ramon Considine,kip.hodkiewicz@gmail.com,8e8328d2e58ee1494d64ca79be0c942145b10615,750
AR141,Kailee Schuster,swill@hotmail.com,d915c9ca901527c0309689eb2e8637c291d23d7c,739
AR142,Noemy Rogahn,steuber.quentin@gmail.com,7c5ef1a5d65164f83695c3b5e2163325311975e6,124
AR143,Karen Hessel,montana.gottlieb@hotmail.com,5ac2500a66d5e0dedebfb5fa383025cdc360788e,548
AR144,Mrs. Virginie Rice,jkuphal@yahoo.com,b999ba95b87def0feebdac2d97f2f9be348fe5e4,482
AR145,Britney Nader Sr.,ewald.stroman@hotmail.com,e8fd863fb91f67a6803c69754eb8899ad0d2a5ac,178
AR146,Earnest Murazik,bo'conner@yahoo.com,a64602ab11b104ddb93dd89feb33a0e7e6f18493,487
AR147,Gust Schmitt V,akuhic@gmail.com,e59bbc5d7ec012742414846e0dab2eb6f5bbf82e,789
AR148,Alan Mayert,reuben.marquardt@gmail.com,387af91b9d2e8917f632caa7dd02024a6ef361a6,508
AR149,Giovanny Gutmann,vickie.jenkins@hotmail.com,a21a7890887468764d39ca04486ef06f790d238c,649
AR15,Rosalind Cronin MD,danyka.brekke@yahoo.com,205ea1ae1c7d5e9ecccec76b835b5879cae85e63,948
AR150,Triston Crona,gswaniawski@hotmail.com,db8a8c433dca8b32b8b58a965750ba2c212348c3,381
AR151,Dorris O'Connell V,vstracke@yahoo.com,9094119e87c6796b94dbaf6ddff774967dfbe0a2,719
AR152,Prof. Adriel Lubowitz,heloise78@gmail.com,7c90a416475ed5c5adb63f0468e16cebe2742727,160
AR153,Pierce Tromp,doyle.mayra@yahoo.com,b6d4b69a1bfe1f558fde51468d358daaea91566d,38
AR154,Carmen Hayes,aditya.abbott@gmail.com,9020686c2472d4cc8c69dc8fa94eb47cb0e01b00,630
AR155,Theron Heathcote I,mcclure.alf@yahoo.com,d12ef31cd5d5968ae1c98bc7b260eb5978ca14bb,74
AR156,Miss Halie Hodkiewicz DDS,irving38@yahoo.com,f6feb70e6bd68c14299f212a8a6d4f8e596377a2,543
AR157,Waldo Bergstrom DDS,schuppe.derick@gmail.com,0ddb2c684e3986bcda9b32dfc235a5202844abb1,40
AR158,Prof. Tara Schoen,cristobal09@yahoo.com,a815cd7139f4d075040313310300f294a656e270,752
AR159,Clotilde Hansen,mellie.greenfelder@yahoo.com,470376598daa40a2a3149cd9c27b7b013c80e4b4,70
AR16,Melany Gerhold,ettie.bergnaum@gmail.com,9abecce48a28f55adb22bc1e936b226bfdcb02a9,624
AR160,Charlie Hermann Jr.,aiyana.kreiger@gmail.com,42e3845110806b4e0ee160d5380f9ce470ab4a5a,328
AR161,Prof. Freida Bayer,ernie.parker@yahoo.com,13aa120582c512704d7a6307a276fceaf9008d50,570
AR162,Annamarie Pollich MD,luz.rohan@gmail.com,34e97cafe9af82e28a2ad658f05830abedb0a5d5,579
AR163,Timmothy Schuppe V,treutel.conor@gmail.com,d4473f441df8e06f4d1e356c6491444044d8238a,190
AR164,Corrine Hamill II,newell94@gmail.com,e65bb9173a4fea2030e94d52476550ef210d78de,614
AR165,Prof. Anabelle Hammes DVM,purdy.verda@yahoo.com,0b2cc329ff3eef9752affb52b88dbe00146f4304,53
AR166,Mrs. Hailie Reilly,kassandra25@gmail.com,35cbde78d3323804390bdda9967bacc626884525,284
AR167,Issac Dickinson,qlubowitz@hotmail.com,e70f1960524b32788458902c30fa7cae74f6f8d0,461
AR168,Javier Stoltenberg,lawrence75@hotmail.com,1fc55670f2f6151332a1330e95c1917061403f78,767
AR169,Mr. Erik Torp,abigale.collins@gmail.com,8922103097a491a40c07006aa0f8a1e1d30bce71,747
AR17,Boris Bauch,zschuster@yahoo.com,5447e41a85342f219822dbb6e27f6eaa45fb28ac,763
AR170,Miss Madie Williamson DVM,walsh.marvin@hotmail.com,f4ed1d551b0294779fca23b1eafb63a41a551f25,966
AR171,Stephany Hartmann I,lessie50@hotmail.com,f2a272af16bddb7cc67b3fc7b86e8c9f1e71d289,177
AR172,Marilyne Glover,kaylie12@yahoo.com,0a83a84e1074d0babd9a88d283e06f48314ca19c,255
AR173,Tillman Hilll,collier.oscar@yahoo.com,4e590f84359def88494df40ea05413ab84bbf3d3,390
AR174,Lexie Hegmann,xberge@gmail.com,cb96a82e5333b3230d0dfc7985e12f9a86bfceab,859
AR175,Al Bednar IV,paula.mcglynn@gmail.com,1beb9a31c07c85f7e43649c9e735391d4119235e,320
AR176,Dr. Patrick Muller PhD,qwisoky@hotmail.com,4432e2b4cb72abcb94c22b0f06313d2939b9b2c1,130
AR177,Mr. Dion DuBuque Jr.,keshaun.ryan@hotmail.com,532410b25b6665b1d9e6bc8a0c55520a8c9c60ad,595
AR178,Eliezer Hand,hbotsford@yahoo.com,e9b4878b231da7eafe80627b6b274830fdde5ed4,421
AR179,Mr. Mathew Cormier,elbert.reynolds@yahoo.com,b83b33b19d7940c918e71468713f317bdd029b12,780
AR18,Mercedes Bednar,alverta.macejkovic@yahoo.com,0fbf2a8ca223873a2a777e34eab9cb8fb588aee6,669
AR180,Celestine Ruecker,burnice.littel@yahoo.com,0b1465ea3160f4cd203eb555c402029b97856a6a,371
AR181,Robbie Conn,reyes44@gmail.com,04b496efc8dd9aae4106f942bb4cd7172348880e,19
AR182,Kristopher Monahan,ywolff@yahoo.com,5ee64f8ebf30cb07d6b6932abfddf5913e1bf481,193
AR183,Vivian Lynch,citlalli.gerlach@gmail.com,896f12bcdb474b2a214266536422afbd8cbea710,532
AR184,Tyreek Nader,lkuvalis@yahoo.com,40aa4e2c3f61746d81da6261cf96940ddf24b7bc,190
AR185,Bradly Schowalter,caroline.rosenbaum@yahoo.com,90d17dcbb2b71c6c52529b17b0425f0876bf676a,949
AR186,Chauncey Wilkinson,heidenreich.sonia@yahoo.com,4a4b9099c26accd36d76f6561086ed695a22c963,897
AR187,Mr. Kamren Lubowitz,curtis69@gmail.com,2d6af99860254e8eb9b3d6eedc2412370732c9d6,908
AR188,Mr. Johnnie Lowe,lind.kameron@hotmail.com,1bced20414517c273238f7eafca5acfdff0d5ab0,399
AR189,Tommie Tillman,roberto23@yahoo.com,3899a55b70782ba8d24a929cb8bba9a6dec74ad8,153
AR19,Sarina Morissette,aubrey50@gmail.com,1c501254476a926a750fdf87a0d2865fa890ee80,824
AR190,Raphaelle Baumbach,bernardo.ullrich@gmail.com,95b109801380fc5470cc318131acd5750f1f638e,515
AR191,Teresa Hartmann MD,xbarrows@gmail.com,107dfa8d321c5e2eaf643a7493a11f1295a36db3,369
AR192,Prof. Hayley Greenfelder,pleuschke@yahoo.com,ed9f4d8f762d01be4b632adfef0c8e88ad606c9d,289
AR193,Earnestine Bechtelar,lavonne.schuppe@gmail.com,5e8251c53276535f97bc79dde8d3bed8be80f91a,322
AR194,Arnulfo Bauch,millie96@yahoo.com,59961a01961be6df24826be98105f7641c785824,203
AR195,Tyrel Hodkiewicz,ipadberg@hotmail.com,f3410bd81b89fcc44bc25ea3c2f475a75453f630,932
AR196,Rossie Graham,maximo13@hotmail.com,6ae8ac85e42f03cbc8870b22d4f798a10b9add73,222
AR197,Ethelyn Larson,kertzmann.kennedi@hotmail.com,27b5924ed81609c17bc592fee95803429597b6ef,263
AR198,Eliezer Smith IV,maegan.trantow@hotmail.com,c7dcdcefd3e0570e43171e96ffcf4fe7f775415c,366
AR199,Gerardo Kerluke,abernathy.rachelle@yahoo.com,e50d2f008730f67a7aa383e8177a08e799e45eda,998
AR2,Mrs. Ruthe Tremblay DDS,annalise66@gmail.com,2ada908fe45a5a2657c96d823fd92362989b23e7,656
AR20,Dr. Susana Stroman III,hbrakus@yahoo.com,8b618c35cabf5bb9c688778d5e0b1a8d6de07848,757
AR200,Dena O'Kon,brisa03@yahoo.com,0be643b636acfaf82d59b53f63989e6a00668ad3,725
AR201,Dejon Gibson,johnston.georgette@gmail.com,447ab46d55ae69edb73423e8d18fb10751f1dc7b,371
AR202,Pierce Hahn,antone95@gmail.com,24857a32542ff6707f02b3b302fd73fb5da97d41,706
AR203,Lindsey Feeney,ursula50@hotmail.com,b25563d4d655b727f72ec76a9a05438c791c517c,368
AR204,Ms. Dannie Grady V,cesar.hegmann@hotmail.com,72316e853a43bbf63ebe8e46ab750c624f3b38c4,865
AR205,Avis Feeney Jr.,assunta91@yahoo.com,59ba2272f2b3a1ddc2b72974f15d1ee64f4b9e9d,368
AR206,Jakayla Bayer,edmund83@hotmail.com,eaeaed6495e44d94d734474c8f097f0b02a859b1,990
AR207,Carol Zulauf,batz.bria@yahoo.com,4a5d7a7ca12abe16c3fbf795b40e22a3976aba0c,721
AR208,Sydnee Hilpert,smurazik@hotmail.com,8bc5cfebe76a3606454527fb9e6d9fc969552bb0,61
AR209,Vella Gerhold,gunnar.farrell@hotmail.com,39d9356a6e5849d6eefd7d122091728422a4db50,315
AR21,Bill Marks,conroy.cayla@yahoo.com,f7a5497217e2949f4328ca79b2bec7cd3737d53b,980
AR210,Ethel Feil,zoila.gaylord@yahoo.com,011be40aeaf3524b091440579bb0b9bce1e92d87,468
AR211,Dr. Wanda Ebert,jerrod.graham@gmail.com,366904797629f2ddeb46f6c864988158f4511928,851
AR212,Nora Collins,emard.tanya@hotmail.com,b7cf0f166faa50f26bbe5fac7da0f94dbd88f4c2,995
AR213,Kelli Ortiz,tsawayn@hotmail.com,5ae4e19c2a54000b0e284234839ef90737f12111,74
AR214,Shayna Walsh,tianna50@gmail.com,cb5d04e31e7f7ecfcd6da91dba64c0fed5ec0e8c,368
AR215,Ashley Kirlin DVM,eichmann.libby@gmail.com,5e42bad2a6414ec086a1db1ce82c4fa96438b1d0,110
AR216,Mrs. Carolyn Anderson,akeem.grant@yahoo.com,0360e58e5922cce64d065834ab78417f685abdbc,93
AR217,Hiram Schowalter,raegan.larkin@yahoo.com,d267b8c901585dbfd04dbbeb70a4c51781ce4725,432
AR218,Sierra Satterfield,fsawayn@gmail.com,605e1a04ff5739938bea22818305047e4c788196,996
AR219,Dr. Antonina Rolfson,klocko.jairo@yahoo.com,247faff79cf6f7b8e75c50490a3efa21225d82d7,858
AR22,Ms. Rosa Rodriguez I,edwardo13@gmail.com,97afa9fa5116eb4f86671bd8a329ef73b3cb4916,369
AR220,Prof. Rene Daniel,dane42@hotmail.com,ec72c934abef784703928313aa5e36d9e42bed09,802
AR221,Carolina Upton Jr.,deanna.yundt@gmail.com,299fb8cb1970c7d3179ce2bc50bab37d9e9baf14,856
AR222,Maeve Leannon II,ratke.adolph@hotmail.com,9b5f8d1e33677c1e546cedb725f9f8e6412fe2c1,662
AR223,Aurelia Reichel,nreinger@gmail.com,20bf502d4a3387f9ae1955bbcd6146828c2fe742,779
AR224,Ms. Karli Klein V,kieran.lowe@yahoo.com,f5a6d493f761833e83517328de003ebfa491b57f,729
AR225,Tate Pouros,vterry@gmail.com,8dcdf065801fdcd85834b90358bbacc0bb3f589b,256
AR226,Eveline Williamson,ara.weissnat@yahoo.com,1c80a7dc60380bc9586da7e460c4dac3bfcfe53a,888
AR227,Toby Kris,rutherford.reanna@gmail.com,06ef4badb0878a1645189e685b410528d881ffec,271
AR228,Stanton Batz II,vivien.schneider@yahoo.com,98b4c14d2f0ac3276d77314e2451ca0d1eb0ab16,545
AR229,Prof. Kaelyn McClure II,aida27@hotmail.com,5395e654c57b29f83af351051b61edbcfd82c002,846
AR23,Prof. Phoebe Jaskolski,dee66@gmail.com,b67786e5b4cf529b311cf272bc39dbdc91113ae7,164
AR230,Loraine Watsica,enrique.osinski@yahoo.com,4fdf6dd55e48fae5f42c8f1ef39c023fb375b57d,147
AR231,Breanna Hagenes,rgislason@yahoo.com,95e48c16140e2e301abf68f17d9affde3e5d5e47,645
AR232,Mr. Jeff Grady,cherzog@hotmail.com,1cab71e960c6b7b5c850f84eb3ff64a1fc5b2edb,485
AR233,Jasen Shanahan II,dadams@yahoo.com,d38b37b24116b06df667287bf32cc062e4f3e02a,197
AR234,Mr. Odell Harber,goldner.maiya@yahoo.com,9a9a4d4c8a845f7c6c90704eec4b76ffd796afa7,170
AR235,Samanta Williamson,bogisich.birdie@yahoo.com,018e6ceae77d116067f73cff1dc5176691318cba,92
AR236,Cameron Lemke,tiana.harvey@gmail.com,e0a63cdbe868cbc17872c32b0ef74b95e74c60cb,280
AR237,Mr. Camron Wintheiser V,davis.francisco@hotmail.com,2fb82738820a50c257a2f8f1e886deaa26b424dd,854
AR238,Dr. Jaclyn Gislason,tyler87@gmail.com,3366114c714117fe893ddf0583904dbd00a927ce,840
AR239,Rebeca Greenholt DDS,beverly54@yahoo.com,6a977bf7d931231a645758273567c50bf3198929,205
AR24,Kathryne Predovic,jeremie.walter@yahoo.com,b37d3bdd12b854958214888a309f4943be4fa2b1,854
AR240,Prof. Loren Wolf,weber.carmela@gmail.com,12ca7ffbfb4acb81681922223ff8c78c892350bf,408
AR241,Jennyfer Thiel,don58@yahoo.com,b3f88cbd8a0640ef8bbac954e323c5b350a3cf97,745
AR242,Sterling Boehm,wuckert.madalyn@hotmail.com,2f1e3eaab33178166e3f1efa5c3363d2ee481472,954
AR243,Jerry Lueilwitz,dudley66@gmail.com,8d6aef654160c476a52304e78ba5c9c1b5995585,310
AR244,Forrest Botsford III,aletha.farrell@gmail.com,d44c39d3ed2f0bd19e460adbeb7b82755dd47632,53
AR245,Kimberly Reynolds,trice@yahoo.com,e68cfb4a014033e199bfa36510f69f668aee51da,103
AR246,Mr. Terry Johns V,carter.presley@hotmail.com,44825e5e7f8eb75a5d0bee3c81f9f4578b686a93,789
AR247,Prof. Jeremie Swift,champlin.ella@gmail.com,49d6265bec97756865db5c30923e127eb4728e1c,723
AR248,Nathaniel Corkery,schiller.rebekah@yahoo.com,27ea7619b4c56a7eff7dec40831774c0536f9e53,922
AR249,Joy Kessler PhD,wzieme@gmail.com,3ff4debbd69709badad215ed91b8b29674229cd1,52
AR25,Lizeth Breitenberg,deontae71@gmail.com,3861f300173412e3680548c8a9c7dbf5b463af5b,286
AR250,Clovis Osinski,pfannerstill.arturo@gmail.com,53bcad5a27610f15434c13ea734d294d777b0f07,1000
AR251,Roderick Rodriguez,kutch.wilfred@yahoo.com,7493d3e63f9ee1049e29d793d04f0ecd423ffb57,564
AR252,Ms. Maida Zboncak DVM,faye.schmeler@gmail.com,00e5969bf7cf138d126aa05ef037afd11a79b1c2,776
AR253,Prof. Allison Pfeffer Jr.,windler.ansley@gmail.com,589d5c23fc4d1d982f9a49acf5061cbca4f1245a,656
AR254,Prof. Fred Torp DDS,block.oran@hotmail.com,b0d44bf18d7b4170e9a159df1c36d9d8f58259b1,881
AR255,Paolo Beier,viviane.gutkowski@yahoo.com,111e3d85359e9578bd42fc66cd3aa650e0f3beee,4
AR256,Dovie Schmitt,whermann@gmail.com,d8522e070e59aa6ac69fefbfab3780049c35344e,72
AR257,Kathryne Stark,qwitting@gmail.com,99857020d6cfcc8e4489d96f348cd6820e651031,390
AR258,Lilliana Kozey II,catharine98@gmail.com,3691f2dcdd71204dbc8e25807631d5fc1df0245a,593
AR259,Mrs. Violette Boyer,wisozk.aditya@yahoo.com,7c3b85be3cb489a4630be792e5d8595a5a4b269d,702
AR26,Joshua Morissette MD,hartmann.leann@yahoo.com,41230e08d630ac4214d703a9ddab19f7c98f7c92,342
AR260,Erica Cremin IV,rickey.borer@hotmail.com,d421fbe0f5c23a00706ac478b277934f2fd69510,254
AR261,Freeman Hayes MD,daniel.lyla@hotmail.com,49a836c8825221502675e0e1e1f764b6665a56b6,806
AR262,Brielle Berge,preston14@hotmail.com,580482e80709b0303d94146e7f0070c34156053c,494
AR263,Bernadine Corkery I,goyette.westley@gmail.com,fd8ca900d07547a56dfb2dcbd3b909d43e5cb2da,751
AR264,Mrs. Nia O'Conner,sheridan56@yahoo.com,0513b66eb95b074ce5131d96772e25007dccbaa2,971
AR265,Diamond Lindgren,agrimes@gmail.com,3bd6186b717744e91a4c32c5564f3ad88cd0b788,313
AR266,Delphine Beer MD,adickinson@gmail.com,006e2d2f4fb9f100fcd034d0789337db87adcfcd,264
AR267,Rudy Skiles,nedra.west@hotmail.com,d17c02966ebf63d736004572c45abb7f86b8d2a8,427
AR268,Prof. Allen Schamberger II,bud.mann@gmail.com,a2a206b8fbb636b36598799672875f496257b8c1,233
AR269,Angelo Jast,volkman.alverta@gmail.com,a3357648302c85e9528ae63478884337416abb58,702
AR27,Joanie Boyle PhD,ppredovic@gmail.com,cb9b0bba0ce7be842c6996cdeba1a9c21f740505,577
AR270,Stone Douglas III,dorthy.watsica@hotmail.com,3b86afaafc8a05f16dcb0f99a681988f211f253f,15
AR271,Mrs. Kelly Schamberger,hrogahn@gmail.com,6bf3ce943af277b64b827af9d5b351d6de2757d2,987
AR272,Brielle Orn,cecelia79@yahoo.com,b7390dcad236648f19668bfcc038690431614789,856
AR273,Ethan Runolfsdottir,nora74@hotmail.com,97ef608d1cc3dbf7fa48b2d8a2aa8b167336d938,427
AR274,Eden Wisozk PhD,felipe.bergnaum@gmail.com,c6effd1ba58c30ea6f36cab3d4a82cdb2dc71516,582
AR275,Davin Reichel,trudie.fahey@yahoo.com,4a3fa012e119c8152dad30587df3149d634698b1,648
AR276,Mr. Isadore Price DDS,kurtis52@gmail.com,cac4e97e2fd9e5c32e4fe20d2beee31508012aef,4
AR277,Princess Cronin,paucek.karelle@yahoo.com,a5481e011b35b84dafba8fcfe96b6b6e7c527438,594
AR278,Ocie Emmerich,kasey51@yahoo.com,4e572cfce68e43d041104ca86363d34a3e51e42c,742
AR279,Dillan Bayer,ezequiel03@hotmail.com,2efe6a1d92cd2b942e23f174671cd3a6ac21a16d,874
AR28,Hilton Kling,znicolas@gmail.com,b5c20eea37a3ceb3e9b0856d4c8c1a3b771714dc,754
AR280,Dr. Greta Schroeder III,tcummerata@hotmail.com,6541906ccf85f3e4387aea02e49acd4df84d4a28,871
AR281,Alexandria Cremin IV,helena45@gmail.com,88ec45587d2679c1b12c4d4f3f83f6b35743e946,550
AR282,Clint Rohan,jamal.christiansen@yahoo.com,951e9eaa200c5753bc26840db45da7a59df1ce4f,865
AR283,Maria Schaefer,retha.ebert@hotmail.com,9131a0eb5d114b527ea71aa5fe047c727d151264,298
AR284,Dr. Orin Rippin,armando.schmitt@yahoo.com,8c2628cc4b60c3a6079fe3e8cea4e9bde1ca19a9,43
AR285,Miss Alanna Marvin DDS,borer.barney@hotmail.com,735b3bf8aca6462d120522a17cde0428953ba857,388
AR286,Miss Yessenia Rogahn,garett.fritsch@hotmail.com,25d832f7638281e83c7f90f1fee63529a62a8049,668
AR287,Margarete Bednar I,silas81@gmail.com,68e3a9560bede57aee422ece215c7fbad06fbe9e,3
AR288,Prof. Eden Walsh V,eleonore.towne@yahoo.com,a85fa0d8a566f097475ed7011376591be196bfd0,264
AR289,Sylvan Erdman,demond.donnelly@hotmail.com,ca49dcd2ed1cdc9ee6c6dc05e2e6cc039130165d,120
AR29,Ms. Kyra Koch I,buford83@gmail.com,6bc46cd46b67b525c2b549329b6f94f1cd09809e,167
AR290,Miss Dina Hand III,yfadel@hotmail.com,dcf8571cc1a4d158f4e569717d5adbddeb31e3be,424
AR291,Pedro Littel,gutkowski.mossie@yahoo.com,81a74c66c8f94bc3f12d28eb90aa667dbb278835,464
AR292,Twila Hilpert,cummerata.casandra@gmail.com,c5a9f61c11092f15c89a6d758332445a0ed6db72,293
AR293,Rashawn Rogahn,hilario36@hotmail.com,62af62f43ee5bf0a92cb7b8a2bdb118b8c064a41,368
AR294,Georgette Ullrich,wiza.jamie@hotmail.com,7312a900780d4b1f6a74742d25c3951eb77511d6,477
AR295,Alexander Mertz,andy.walker@hotmail.com,4c40c82bf201f94be3ee0ebe8cc2f01f56265555,119
AR296,Toni Wilkinson,owiegand@gmail.com,a140db885cee76d17622461422eb002bfbf9b879,730
AR297,Prof. Katrine Roberts Sr.,rubie.lang@hotmail.com,a7b571c228d84c603648c0c85f998c3921efbe3b,817
AR298,Eloisa Cremin Jr.,bert.wisoky@yahoo.com,66fdde7edee1de7a27f7b0b738d39b01467def73,662
AR299,Drake Mohr,becker.bartholome@yahoo.com,573a1fe7e841846ac3982e50236528fabe208d5a,839
AR3,Ms. Demetris Senger PhD,thelma78@gmail.com,ec14857f70f30ac09d6012ac52d3f8a1d09479eb,83
AR30,Maymie Maggio,barrows.malvina@yahoo.com,e8c02af08c539a0d056ea2aa6044d1ff27f22056,780
AR300,Katheryn Pouros,ari71@gmail.com,9c232493a122a74c5e185e36a10d50ea387c4ae8,707
AR301,Prof. Fleta Lockman,alyson90@hotmail.com,9ffc611bfed99338e63cf815d3af1dda6a2288d6,13
AR302,Prof. Lauryn Dickinson DVM,roma.prosacco@gmail.com,baa5401c4766846476b231b686a7e3a0d485fba3,757
AR303,Mr. Jaydon Grant,cconn@yahoo.com,65de580c9ab7d09393ef4578114bd9193c7c50ce,544
AR304,Raina Botsford,maya01@hotmail.com,2673eec9dbb198020556f64c4be1740c2678db68,627
AR305,Mr. Cale Russel MD,pearline21@yahoo.com,d4deb44d395cb30f12f3af9cde595c4559f43a45,13
AR306,Deondre Rosenbaum,reilly09@yahoo.com,8a685cf2b8b89c3af42fdc3f00a6c6527c029bcb,527
AR307,Wallace Stracke MD,pwalsh@yahoo.com,1849556a93c1ead832673cfc688120eecefb787b,411
AR308,Melissa Lemke,malcolm.stracke@hotmail.com,91d9d5893f85d7d1fb27610a236670d4f9d588f2,121
AR309,Birdie Kiehn DDS,reinger.brionna@yahoo.com,5e08bb5886c950e6181a5656e5e9a0708c845604,361
AR31,Prof. Marguerite Schmeler,walsh.mckenzie@gmail.com,e561519da575ef3e99b4e4696d027847da241758,202
AR310,Audreanne Schumm,slarkin@gmail.com,f5d3c78c72677e7de612b0ca8781b3f14f27886d,847
AR311,Kamille Gorczany,juliana.ferry@gmail.com,7bc075e15b97e6c62a524750fe2e4b01ecae8fde,161
AR312,Billy Wintheiser,qo'keefe@hotmail.com,1d44fe63ae593d8fdd564ebae7e0473dadccceb0,284
AR313,Dayna Marquardt,kessler.enrique@gmail.com,e74b1b4c72627930c6fc95b6d8dc9ed7bd0fd3ab,329
AR314,Prof. Cecile Ritchie I,arosenbaum@gmail.com,9ecb0edda9e3dba563e1e79f7fa7c7dc3b3fcac5,762
AR315,Ms. Rosie Schulist IV,roderick31@hotmail.com,baca2c3253d32e96a5d09d629d970e552f038d8e,452
AR316,Prof. Mike Monahan DDS,delphine.ferry@gmail.com,c0d2f565a046463395384a74d0997698546842be,311
AR317,Mrs. Candida Volkman MD,seth.roob@yahoo.com,ff7519af27a9f3f27553143b5a2ef6c4238c6c79,337
AR318,Miss Joyce Murray,karelle68@yahoo.com,6b78702bab141238afc77afc74597ea79626c3e8,872
AR319,Prof. Filomena Strosin DDS,corwin.holden@yahoo.com,c9475f4d667dd7b27f1b6e759714cfdace86cf48,184
AR32,Timothy Hagenes,marlon10@yahoo.com,843dfe1c30d153d186f3656de6b67a3a2fc0e333,829
AR320,Kelvin Armstrong,beahan.krystina@hotmail.com,7c69a3e8e76be4dd89c9f8c65a3c76b837c756c8,449
AR321,Millie Kris DDS,jabari25@yahoo.com,195b0a1940b27ca1a3cace9bd042eb418cb8b97c,591
AR322,Devon Graham,emmet.kertzmann@gmail.com,a8ee3121f0c8b3ee08bf7e0fa89817d200be4c72,42
AR323,Hugh Morissette,rollin50@yahoo.com,1bfd21728a89b660f01a869cd0c849cb23290fcf,373
AR324,Emie Hettinger,pbayer@hotmail.com,0d9af6ae7259e3244d864ae474f61f1ced63caa4,722
AR325,Gene Bosco II,benjamin.bins@gmail.com,d1b9bdf3fa4dc49c28b3cfbc7cb2af20512d02ef,312
AR326,Gisselle Graham,miller.margaret@gmail.com,002fa9842ee9fcaf2c55b0828feb4fb09871839c,356
AR327,Elyse Adams,dbreitenberg@yahoo.com,c1d4dd0cb9d93cff1e7da2092a225802cd4c3bbd,328
AR328,Ms. Marielle Torp,vito.jacobson@hotmail.com,4568ce11d6010806a83ed7d142c90cdb18f4d7e4,772
AR329,Ozella Bernier,uswift@gmail.com,003c3c0bf90f37add6b122fdfaef3280df38c69f,416
AR33,Prof. Ryder Crona Sr.,xkautzer@gmail.com,27d9498d191e95ef7c99f6ce103004de2077f2a4,559
AR330,Dock Rogahn II,gemmerich@yahoo.com,862a154cf9afc8c119f6cb494647d8fc08536f62,606
AR331,Domenico Ryan,npagac@hotmail.com,16a44e223eddc3dd2015b47ea7c31344d68e300b,717
AR332,Hassan Klocko,sadye.klocko@hotmail.com,15ee17c5545b75f918373cefe359f1ba57cfad40,320
AR333,Herta Senger PhD,jerde.ola@hotmail.com,4b7f3fce55d605f53f06733524cc7e1058ec6c4e,328
AR334,Nikita Ledner,vmonahan@gmail.com,ff0a90173849cc4b13d0de9e07b27fc563d37140,115
AR335,Destini Welch,chandler72@yahoo.com,989ffd6ddf47d3a41a4a99e4a7ede301075fdcfa,830
AR336,Keyshawn Becker DDS,plangworth@gmail.com,21938e55bf3649db9c5785a9866a4f390c358470,421
AR337,Montana Wehner,dietrich.corbin@gmail.com,e686834c4c3bb9d06cc0a2ce05fe2e254124d664,395
AR338,Dr. Akeem Gaylord,damaris93@yahoo.com,fb121d4b2d700a04da0fa3b9b1dffd4c0c17d0a7,950
AR339,Dovie Kuhn,abelardo64@gmail.com,18efccd41b143bffa3127f25564867241fb9b328,665
AR34,Mr. Cordell Williamson,ronaldo78@yahoo.com,02827dcc35d7b6c896dc388f346ae1950e9c1fe6,169
AR340,Chesley Pagac,glover.domenic@gmail.com,01879cf534c11c3750090fb479aa09cb872387bc,260
AR341,Gaetano Friesen,alison25@gmail.com,1206e47c57d38036c15d69c904a95fc5fafe2992,471
AR342,Orin Wisoky,cody.pfeffer@hotmail.com,c039be28259de8aa8de29afde239ebaa7fcb2061,572
AR343,Aron Bins,schultz.pearline@hotmail.com,cba34d857327f61dc0de3efae349425fe9071113,588
AR344,Felipe Kirlin,tpacocha@hotmail.com,1f801cf7b09e35dc5125153da84d25dc6e859f2c,675
AR345,Prof. Lavada Barrows,alverta26@hotmail.com,426cc59028db487381f6e6723a2ba72fdd754980,87
AR346,Brando Kuhn III,leonora14@yahoo.com,e21c02df81648fee32dcf3b71ce91e2aabda64f2,422
AR347,Maximilian Connelly I,evalyn23@hotmail.com,0f8bc0cbac7399f4cbd4629f889e3f46e08e319e,129
AR348,Thalia Abshire,mosciski.muriel@hotmail.com,06609a7b46d87cacebd310b2b99c15b688634e30,442
AR349,Velma Rodriguez,kailyn79@gmail.com,9b95a32b99e511319c55eb84994d885110fd8ed0,833
AR35,Noemy Medhurst I,jeffery55@yahoo.com,af0e1abdaae8e9015b4a00e810c7098489b3ed94,613
AR350,Yessenia Schuppe,sam.gaylord@gmail.com,e31c565187034c03d1b3cdc171102e43604d4b31,729
AR351,Dr. Zaria Legros,melvin76@gmail.com,f1e4f27afc2f71d53a268640e37de3f3fadf2d90,197
AR352,Nash Champlin,tfranecki@hotmail.com,a2d9720419598bb134465f613ab087f4c819b5fa,579
AR353,Miss Nella Stokes,karina14@gmail.com,9deca3af1e3e6e85ae2e85661699144e66060fc8,750
AR354,Prof. Hermina Brown,mlangworth@hotmail.com,4b9f50b50e23b56eb63c5221c18e0d949953083d,876
AR355,Prof. Boyd Yundt Sr.,llakin@gmail.com,26edbfc009f65d8d4109b088d6e775b576e6c401,589
AR356,Jaida Kuhlman,alphonso.torphy@hotmail.com,1bc7d07cdce54c2f25add2bf6dd4ed1cc7f63b67,513
AR357,Perry Ward,tfeil@hotmail.com,762bc44ddf6d3bbe60c74cb2826427ca6546d0f1,660
AR358,Rubie Harber,albina.dietrich@yahoo.com,ed24612d8c0528d1c3ec791b4df74cab30e5d6f2,528
AR359,Miss Allison Murphy Jr.,cwest@gmail.com,f25c5ecd6d5b22986bba943360f65d7160bcf177,896
AR36,Leonie Bartell,yost.elva@hotmail.com,427e85b88649e216680029ae74a4f7ed3a6a2d82,403
AR360,Marilou Walker Jr.,lesly94@yahoo.com,29c91e9e031c7112a25ceb2fca3fe647e58edcf1,581
AR361,Jasen Kshlerin,leo.mayer@yahoo.com,0ceedc810d4a8c09935c3a071482e08b1ed5da24,632
AR362,Prof. Emmanuel Pagac,breitenberg.hope@hotmail.com,089485e81d19494ee70ef4310e72161a36f59473,295
AR363,Kaelyn Yost Jr.,wolf.clarissa@hotmail.com,661f01f8cde18b898d7872a5f4c89f513b3c3b26,293
AR364,Alysa Bahringer,huel.rylee@gmail.com,3f81a0f8a3e675994ce6efd244d5cff15fef0f45,550
AR365,Carolanne Leannon,anderson.jasper@hotmail.com,d604a73dfcbb3733810409a6db8c4a0cf0ca12d6,316
AR366,Emilio Ebert I,robb31@hotmail.com,5ca974d2a254bf38e41686bb38761479a00643c8,534
AR367,Catharine Cole,olen.kozey@gmail.com,2d59fcb940f0240fe4086cb651a148b4bc0cbd25,344
AR368,Bettye Tremblay,catharine.labadie@gmail.com,8247fb429d8597904b611738fba9aac737a2ef46,578
AR369,London Thompson,zziemann@yahoo.com,3add6dfec24ef196cf8ef58b41d0ea22247f0456,922
AR37,Macy Tillman DVM,ebrekke@gmail.com,b0391500b7bacff5477ff39331f6cc1cb0ec6f0c,962
AR370,Dr. Nigel Rippin IV,hessel.verner@gmail.com,317385b50721ac63c0381482af83556540584225,970
AR371,Kelly Reilly DVM,haven17@yahoo.com,67cc7034244a996bbfa16cc1b7f1f769658349b4,942
AR372,Dr. Alan Littel,langosh.alek@hotmail.com,22602944a92c92e6899c0c31ac0125b5aae87ce5,794
AR373,Misty Greenfelder,swatsica@gmail.com,4d6e27237ce4a55d29ac970e34eb1c6da012ef76,406
AR374,Elton Koss IV,alexa.hane@gmail.com,f86c9ed3af9d477e83d278e56446553c52b1dcb3,196
AR375,Kristian Reinger,rgraham@yahoo.com,5d4b33805daa4352698ebceb0163dea7034b6926,206
AR376,Alisa Sipes,voberbrunner@gmail.com,3c693bcee410ce08d9db4f3e14f5b951ad470640,990
AR377,Rashad West,tyler.sauer@gmail.com,1edf885dd6aa39a268be1fa1110906660b901f0b,863
AR378,Prof. Leonie Blick,jdouglas@yahoo.com,20e7b67a59650c27a30712750391dd4d1633a984,409
AR379,Whitney Donnelly,towne.dexter@gmail.com,23a505860cb3e1a57feb97dd9fca28ae450eae00,171
AR38,Wilhelmine Farrell,mccullough.amir@yahoo.com,22201f33146f953a5d5109d0cb592c0d21b24941,400
AR380,Rossie Adams,nwhite@hotmail.com,19044ea8f31c2ffd8299db71fa6f728f0f8957a8,450
AR381,Jay Roberts,torp.orlando@hotmail.com,3d55238a586098d9a650987530ba4569a4135e74,476
AR382,Lora Becker,lswaniawski@hotmail.com,88eb19d5fdd920de042e540d0fc9f5b595c30ca4,150
AR383,Theodora Grimes,zmarvin@yahoo.com,65b437e73ec3a9669fc96364efbf40b75ba2d19b,523
AR384,Kody Towne,murray.rosalee@hotmail.com,a9b461d109b2942cfad6d18a89d7eb4da0421d4c,123
AR385,Leonora Legros,arturo.kuhlman@hotmail.com,dc79a286fd015c81a0e78e8e43a3d843c8c73a38,399
AR386,Juanita Bartoletti,mills.bertram@hotmail.com,b3778a0d2de4399f59f8553b68d2721990ddcac2,184
AR387,Miss Wanda Lehner I,albert.ryan@gmail.com,887a0c77396ec3fa9ea77385aa52bd1f34ebf05a,240
AR388,Dr. Mia Ondricka,frau@yahoo.com,58761d3d0cf5b3fd2c3947d1276042c4865b4cc5,991
AR389,Freda Kilback DVM,gabrielle96@yahoo.com,21a553627bc897195ee29020d6d376157c334dbc,616
AR39,Ransom Schaefer,senger.janet@hotmail.com,dd7bf8fc8c47bd6ae2fc29ca42bfc23da8ee277c,211
AR390,Dr. Jarod McGlynn,mspinka@yahoo.com,f07c19aa61edd69da037e1b32decafe768768e76,836
AR391,Ludie Zulauf,rdickens@hotmail.com,06049bf2fb554937da791439cb41105f33aa8538,473
AR392,Mr. Dion Wuckert,ldouglas@yahoo.com,0210984c6acd84ba6062321c70e95fbdb5b1db09,655
AR393,Albertha McLaughlin,rebekah61@gmail.com,9bbed40c8b09289413db8d63762575e9ef073a4f,532
AR394,Carmela Feil,robin.medhurst@yahoo.com,8cb148c5c9b1219d0efcc443ac931343aa68d5b3,628
AR395,Yasmine Gottlieb,mthiel@hotmail.com,8c9013807c28020295a486613c5fc3da8327cceb,466
AR396,Dr. Oran Streich,lilyan.crooks@yahoo.com,2b6cc4e079ad92ab203a3aecd6d5679d22cdb347,697
AR397,Santa Kessler,jayde.kozey@yahoo.com,5b9be6b7b2f8a3103a7f5318365e7075d3c7bbc4,819
AR398,Mr. Stephan Kshlerin,kade.kunde@hotmail.com,1a405c2e2f63d91d0c6d96152f7b501808bee2d8,941
AR399,Maureen Green,eugenia.predovic@gmail.com,f9a6db3a3fe636bc40bc511a25863a78c54aa1d9,343
AR4,River Satterfield Sr.,issac.ondricka@hotmail.com,36a9a9fda827b592e742d42ebe96e54b76eb2396,442
AR40,Yazmin Boyer,durgan.xander@hotmail.com,20abb4d4dc553f6166f46033fae28e8dc8e8f41c,309
AR400,Chad Rogahn,jeremy22@hotmail.com,135631c33a8afe9161c12297c4b2dcafe828ca5c,3
AR401,Keely Green,sammy42@yahoo.com,d10b195bfb5ca03cb8869937a5abe38355d6a564,6
AR402,Bernard Kilback,hilll.dessie@hotmail.com,184b2e91469e88f75385a16d9b0febca0dc45e6a,681
AR403,Prof. Sienna Mitchell,kirlin.vella@gmail.com,e9759ae4a096896d83cb3e4681261b5696fa8aec,899
AR404,Josie Sporer,ron.skiles@hotmail.com,3cce084b9756c108318d6ee49e9d8c3c4ba8efa6,894
AR405,Deron Crist Jr.,clarissa52@gmail.com,9c5a00504f54699ba418162205dcdb788f097408,325
AR406,Josie Kunde,gunner76@gmail.com,d51271931924c3d97e4055c070b92feea002b9e5,444
AR407,Prof. Brook Heathcote DDS,liliana.reilly@yahoo.com,d84e5b91beade6531334b3dc7ffb547a6483fa14,746
AR408,Miss Destany Hessel Jr.,pcollier@gmail.com,7178cd33f155c16a1fc4fd060d7a8a4fdf92ca09,336
AR409,Dr. Dillon Cronin,bennie08@hotmail.com,c89d4b277d447d8f4a7c696ac5020de5c96b1881,855
AR41,Mrs. Misty Kuhlman I,maximilian75@hotmail.com,d57217630cb2d3814f4274a5dcfdb9bb7545d598,508
AR410,Darian Mueller IV,amalia.powlowski@yahoo.com,156c5bcafa17600d787399b1d048751d6721f52c,353
AR411,Macey Hickle,borer.ella@yahoo.com,4993dc2c444f9849aff8f53d235a4dd317931dc0,95
AR412,Mrs. Ellie Hackett I,ptoy@gmail.com,38830a540296890b5fa46175c7400ee6c133754f,746
AR413,Jaron Blick DDS,kennedy.kirlin@yahoo.com,b7fd9f19b5b056fb42c3ad694804c90ca6f564c7,515
AR414,Raegan Reinger,xgutkowski@yahoo.com,4fd5c653264571f15102a128a0367fc857cdccb6,125
AR415,Dr. Columbus Haley Sr.,adams.herminio@yahoo.com,184323082a6460eb7805595aaf6e5749b6afe133,840
AR416,Dr. Paris Grady DVM,heloise87@hotmail.com,5cb20ca4decaa4259f128031c37337431f086c9a,71
AR417,Mr. Rudy Gislason I,freeda.reynolds@hotmail.com,700ea22c3917f6c0894e2a68d46452ff0b6a342b,284
AR418,Gudrun Harris,ilabadie@hotmail.com,39a239cac2dfcd04ba558503a31e75f545cd7cb9,90
AR419,Rosalia Schimmel MD,albert.hand@hotmail.com,68a3070eb9c11265fa96f782b4fc3710bc09bd89,697
AR42,Dr. Donny Fisher,alexane.skiles@gmail.com,4d5d86ac51c5efc25d97456ff0fdcf7f170f5dd4,421
AR420,Pascale Feil II,kassulke.alene@gmail.com,7317426a04e417f0b85cc62412d25c610a5adbb1,532
AR421,Julien Boyle,keeley.glover@hotmail.com,83e746baf378fdf2938c6a0b28aae3d69c000dcd,244
AR422,Mikayla Kreiger,tabitha.toy@hotmail.com,c62090d9d0ab14ac0c4feffe39d6efec972d76f4,988
AR423,Dr. Mavis Mertz Sr.,thompson.mariana@yahoo.com,1546ee34df5fd531269077c2dcd68e2d7c6dd0d4,757
AR424,Miss Audreanne Koelpin I,kovacek.miller@hotmail.com,035aa88a187f9baae8620032e9a000184898a84b,855
AR425,Ashtyn Nienow,jarred82@gmail.com,02520c4cb0a1ad5411544e93e923d1d830e7c30b,781
AR426,Dewayne Mante PhD,elise85@yahoo.com,495cbe7462fe2dcc9f80053a7a24afb4247bee50,24
AR427,Jaunita Koepp,omer.osinski@gmail.com,9400bb037a96ef7370dc3084259074ba2fc7e7cf,471
AR428,Harley Swaniawski,dschinner@yahoo.com,baa7bb346f45ca5741b5d7656f2c14cebecfc976,138
AR429,Caesar Simonis,elliott.morissette@yahoo.com,4b9a7b7e75f0a16798ca350f35c5d911d36443d9,149
AR43,Ottis Mitchell,roscoe96@yahoo.com,cded9c33b1a88da0c386be03aa8a9a144333c00f,841
AR430,Ms. Sally Altenwerth,kariane.stokes@gmail.com,aff396ceaddffe087bb39a70748c3e7ca42d4aa7,956
AR431,Axel Swift,danyka09@yahoo.com,6dabe25b84a4448c07d5c5b664a8058999352c8a,373
AR432,Monte Pollich Sr.,joanie.champlin@hotmail.com,2ec53796084fa9a2267d2b1821d881cfd8fd897e,823
AR433,Sonya Wisozk Jr.,ynader@hotmail.com,cabff3f585c42408d3565df86ada23f1331dbbfc,163
AR434,Miss Maryse Price,pmorar@hotmail.com,8097684b13b1cf7d41e70dfa295c083dad85710f,663
AR435,Prof. Mason Blick,edwin.spinka@hotmail.com,9d778c84b2293784805740705f2082f52a88d7ed,334
AR436,Dr. Corine Marvin I,arnoldo.franecki@gmail.com,c044fa1ce051421d4229dc76953eeee6d710c9bd,583
AR437,Prof. Breanne Mayert DDS,bode.tressa@yahoo.com,665e6ca042b2f9b746de92adf13029be7602e84d,575
AR438,Ulices Gulgowski IV,ceasar13@gmail.com,811958bbc07a472fd7fc37132a46f0ef5043d47d,553
AR439,Genevieve Hilll,rkrajcik@hotmail.com,d03b95add483628a8ea27f90305cd5206dfa3bb0,25
AR44,Miss Aubrey Corwin,brando28@yahoo.com,8cdf16369570667b9a8fb3e3fcd2f68d832f2d88,421
AR440,Christy Gerhold,gerhold.chadrick@yahoo.com,ddbbfa6b74bc943c3777537c2fddf7ea809b4749,878
AR441,Lacey Grant,hrutherford@yahoo.com,11270798a8f342dea51d92c11c5ec319960112a3,760
AR442,Dusty Bartell,christine.hand@yahoo.com,0cb9e48350ab993363ef71d6b7c10bfe27e8a5f6,1000
AR443,Clarabelle Kris,daphnee47@gmail.com,9ce9aa8f39fdfbaaf3d9fa5a409725a6c84f99ce,338
AR444,Derek Koss,dillon.white@hotmail.com,aa921845877fb49e02c0a60a9bce3c1a110bcb4d,779
AR445,Meda Medhurst,cwilkinson@hotmail.com,614827cffa2f3b65edcff6b02a22e913e23bdfeb,103
AR446,Gwendolyn Prosacco II,myah09@yahoo.com,17b1032a5f2da2d3751488697ff7fa3223d150d4,229
AR447,Nova Vandervort,denesik.gonzalo@hotmail.com,1d68a2545a12b89a32f49f8c4f3f5e901673bd5c,316
AR448,Roger Lemke,carroll.yazmin@hotmail.com,d24d3f9ece782fc1b8595867c06ddf309ae848b5,666
AR449,Bryce Corwin,hodkiewicz.kelley@gmail.com,e19034aa96a38fc18439cb2e0df22cf39d2310b8,356
AR45,Zoey Conn,xgibson@yahoo.com,1da1e2915d69f72f2eaff63c68458eb1125c325c,417
AR450,Mr. Dereck Schowalter PhD,kautzer.camille@hotmail.com,0c9fd34fb965985cd4c407bdabae229774db4bb6,176
AR451,London McKenzie,aconnelly@yahoo.com,ada32fdabbc18daa8355b168a4c261c17cba42d6,920
AR452,Ceasar Hahn,allen.pagac@yahoo.com,970ab8df0df00449542a32d33f9050bb4e56e4ce,534
AR453,Prof. Corrine Hahn,ehowell@yahoo.com,b04dd39b9a4dec8af018b6a946c18a566082835c,486
AR454,Santa Dietrich,lkris@yahoo.com,4ee2d89292f77c37d91f49bc92e51cc49a9bf867,883
AR455,Dr. Rhianna Hodkiewicz PhD,ritchie.carmela@gmail.com,c1971f214762d2546a04ea5196ef58408f31fb28,956
AR456,Christian Larson,brain.green@yahoo.com,2a7ab236d98a6b9d9808bf93cb9e736c32ed19ab,885
AR457,Dalton Doyle,kennedi.marvin@gmail.com,2e61e65d7810a939f715eb270ef353d29c8e2af0,557
AR458,Hoyt Larkin,zola.smitham@gmail.com,e0862f9d4a4bfcd1ff4aeddce32aa5527c5da6f9,566
AR459,Ervin Wehner,romaine33@yahoo.com,161ffcfdbcaeb1a30400702310fc5a967b66d182,292
AR46,Mercedes Schaefer,aufderhar.cletus@hotmail.com,64fec8cc3cebae8aff160e5717b5332a70448ddd,215
AR460,Laisha Grant,kyler28@yahoo.com,a6a2c5d72f3520bae58b51f92bbec4d506e4f5de,977
AR461,Alberto Barrows,olaf.roob@hotmail.com,77b214f35dd3f680c1f0b89b4066ae0596a4bdc2,459
AR462,Minerva Cartwright,heathcote.rosemarie@yahoo.com,e9020b7e84ecfd4962d60abff69ac309b1c2d84b,656
AR463,Dino Stracke V,bblock@yahoo.com,b64e2ecd4f5e6d39e9cd8eb5fff6a99c6d2b76fc,261
AR464,Rosetta Champlin,wchamplin@hotmail.com,ac1364e522ddd58d9ff7e8c6a83bff6cb4eff2f6,477
AR465,Carmel Windler,jamarcus99@hotmail.com,813283264b887a6ee80a5a15dc15a75696a78fa4,782
AR466,Willie Lindgren,veum.kyla@yahoo.com,f54bc00c7b534fd3543b18fd63b29ee75d31cb83,798
AR467,Colby Thompson III,metz.pete@yahoo.com,c4b0dba5fb5c00572693e6c84e0bf5b5fe011512,974
AR468,Everett Howell,bernadette96@yahoo.com,8665f174e5f915117e8b174fe25b4162591c8cbf,179
AR469,Victoria Howe,solon.jenkins@hotmail.com,f7bfa6896e58571a4a1a90365eb1cd5c0af16ceb,596
AR47,Dr. Emie Aufderhar,christophe.friesen@yahoo.com,9424a4cef81ebc766c059bf23d285d992d95dc1f,613
AR470,Garrick Langosh,dorthy.lemke@gmail.com,391ed1d644f701f34b799cb1f3a571be6979bef7,143
AR471,Pearlie Rosenbaum,cristopher35@hotmail.com,324b6512274435415f162325f9c7c8af42573f94,351
AR472,Lia Fadel,bradtke.lura@hotmail.com,29947338314628f603c9e7e1dcbb3bc7d716c774,632
AR473,Kaelyn Hauck DVM,sauer.cielo@gmail.com,16cb7ca841dbb67463c25ccd03ac4827565121c4,256
AR474,Ms. Madeline Kris,rickie.simonis@gmail.com,beca8f157d3668b6c559b9462291625656107dbd,584
AR475,Dr. Solon Hamill I,sage.leffler@gmail.com,22998d8c23de8ee94f3e2d91d51043dd1d142ebb,813
AR476,Gay Mueller,gorczany.jasper@hotmail.com,b2bd62fbe2f3116ebab1b5854f655767903cf99e,302
AR477,Benny Ebert III,kutch.zula@hotmail.com,f9afb91cab071e57af6f02d8aa02b3b28cb42a00,859
AR478,Dr. Angeline Goldner Jr.,morissette.fletcher@gmail.com,084ad4f930d30f7b763b70e47047d4d85a882ea4,763
AR479,Orion Bartoletti,hsimonis@hotmail.com,a32fe8de133e94cd5a7f9d8383a7ad1a00f7aa91,410
AR48,Sheldon Bosco,tressie.hodkiewicz@hotmail.com,bb605101d16394c60cecf031be335c411e957e08,636
AR480,Llewellyn Prohaska,tking@gmail.com,b4bc8139e6fc24f24a5543b6e7c60a9c65a6ca5e,52
AR481,Jerome Langosh,verlie79@yahoo.com,534a27eaa081a908bb871d30b61157e778e614e1,303
AR482,Tito Pouros,hardy28@yahoo.com,b4187234417cf3efd9eaa8e32be8d62c57fad7bd,441
AR483,Dr. Mark McCullough V,zita.paucek@hotmail.com,7077955c3e4dc31011a8062a05fb305772162218,259
AR484,Prof. Erick Medhurst PhD,orippin@hotmail.com,20f20590da5f91c56a77413fdab6f3a5037bc9a7,875
AR485,Prof. Scot Kertzmann,yhickle@hotmail.com,89b3ed477fe95470780e2aff9b6ebeed6b9633c6,474
AR486,Lenora Ward,mueller.lucinda@gmail.com,c007735a15906d24c1450533806433dd14c056ce,609
AR487,Eudora Rippin,wiegand.lucienne@gmail.com,70fd5151e5223f00086f967383e64ca5906c507e,787
AR488,Violet Zieme,zackary40@gmail.com,49eaffa2b71bbe6e73bba8b12914a8fdb3462933,374
AR489,Dr. Adriana Rosenbaum III,kbarrows@gmail.com,9d454a636b2895ddcb977745b7cdf542e339f1d1,319
AR49,Abigale Jerde,sstark@yahoo.com,5fe75bd2c07e7ad150041add4f82eee6e052de97,741
AR490,Delphia Friesen,gmccullough@yahoo.com,793087fd6a05d080c1c8563595c3048eaa38c02a,576
AR491,Wellington Flatley,walker.quentin@gmail.com,8adbf18f1696a5d860f84c394d6d8e4e8c40c050,658
AR492,Orlando Homenick,kromaguera@hotmail.com,a796b2671ee091137bb3671cbe85778a8e1ca2b8,701
AR493,Creola Blick I,schimmel.brenda@yahoo.com,3c921db0d8d5ec1d52a77119375a3b58d426954f,253
AR494,Bettie Bruen,destiney.daniel@gmail.com,aa1f3207fca67a1ea049bc37ffe8329a4bce56a1,153
AR495,Jacky Senger,junior.mueller@hotmail.com,0db4e2357a316ac174241f811f5b082690e136f2,600
AR496,Jeremy Gibson,xbergnaum@yahoo.com,28c148b8fba776a5baed41fcc3216637a9944d61,751
AR497,Duane Hand,alberta.considine@gmail.com,d73010da832aa737c145efac6259a7c7a9018424,292
AR498,Rene Padberg,baron68@gmail.com,2e81437f5a97946d6fc0068b71fbd1ad8f3315e3,984
AR499,Chasity Macejkovic V,casandra.white@gmail.com,d9fdfd192c04a126978cd291aa8953d4266b67f0,281
AR5,Mr. Jaime Connelly,mraz.brant@hotmail.com,8cf1826f511ed15e88f84eacc27c1995d38854a9,735
AR50,Mr. Helmer Strosin,schoen.halie@gmail.com,3bfbe0f4fc2b04d894a53a576a34ffe0c0b35c79,961
AR500,Reba King,niko69@yahoo.com,5c755eb766aa6b0b8ac663eb51d0da9f189c0de3,324
AR51,Brice Jones,freeman09@yahoo.com,be3d31fe5a1713855d0bcf3509521f468785d806,957
AR52,Ned Wiegand,kertzmann.maryse@gmail.com,78b96dc033a5e4f724b1bbe7abdbe03c6e2dd9cc,61
AR53,Cicero Beier,gwalsh@yahoo.com,476b908103892dbc148c8137046f2601e069550e,231
AR54,Josh Wolf,xmann@hotmail.com,fcee88e1ab20bf983b3323ebdf789cc64b912ffe,169
AR55,Norma Langosh PhD,reichert.tyra@hotmail.com,cffa17e236b56b90465421506d53a56024a7aa3e,972
AR56,Dandre O'Reilly,graham.elijah@gmail.com,54e15a949e8f2ee89691c0e1a905cac6459e9d86,691
AR57,Prof. Verla Miller Sr.,orland28@gmail.com,818330cd8c062ad475367d8e27581c57f011b277,436
AR58,Scarlett Jakubowski,shanahan.devyn@gmail.com,9932d40f49cfe23e2a55403d4ab3cff51606a50f,636
AR59,Sylvan Kling,eichmann.katelin@gmail.com,9f75bfcbb2094e37bf3a1bc5331b51ac17765978,996
AR6,Columbus Walter,roberts.marianna@yahoo.com,115732303015ba879185f50c5f57394f1ce8340c,713
AR60,Prof. Jamil Kessler II,kiana.king@hotmail.com,b4910d4b01fa8a33a30e0ea65d37b33570dfe5f6,485
AR61,Alisha Lubowitz,jerel20@yahoo.com,6d6e2b31158f50b1419d251afb6a7ee3383ff992,638
AR62,Kristofer Dickens,thagenes@hotmail.com,841d3745bf7d321f418423cf3d814b2f8f216249,143
AR63,Mrs. Lorena Wyman PhD,eleazar92@hotmail.com,346d25b5129f46102c6845bb3280b73cea98d0c0,205
AR64,Henriette Ullrich,ylesch@gmail.com,feabd38bb874a03f3b89ec8503294ed24b7312b9,475
AR65,Prof. Doris Lindgren IV,walter.martin@gmail.com,e81be1b1ad072d2a8f19db52c4fd1d02fa608caa,418
AR66,Alisha Legros,akeem.franecki@yahoo.com,5b8e82e92c95df54d90acae090e1b15ebaf0405d,337
AR67,Yessenia Powlowski,mabelle.barrows@hotmail.com,c86c20e9d747973f19c4b5f309f814c561a7c890,728
AR68,Valerie Dickens,dewitt64@gmail.com,90f2e0cdea65a7fa3c2976e4ca1ad8b3cd99b549,537
AR69,Prof. Jabari Lockman I,vern.shanahan@hotmail.com,88198506eab279f5084f5532144b50f97c3dc981,651
AR7,Mireille Renner,godfrey.ledner@yahoo.com,bf98cdebdd3bece8d8b40d5b5b54f40b2c95dff1,668
AR70,Tania Nader,gaetano.ebert@yahoo.com,f8450449c6f7cea5f082a5dff4e834013acb4243,446
AR71,Mrs. Gwen Macejkovic Jr.,ryan.norbert@hotmail.com,c993a187d275b4d696af21bf11042f7cd1e5d1e2,873
AR72,Miss Esta Funk,esther91@gmail.com,a90d68a3ebc6af6f088de23e63696290f0b1d280,273
AR73,Chaim Heaney,brendon.stark@yahoo.com,9bbff12ea35e72b82f28347a8cac18bf0b65b8b7,366
AR74,Reagan Gerlach,emetz@gmail.com,099154145d1784ad93b9abafa178ef9ba0c7f923,259
AR75,Justine Abernathy,ntrantow@hotmail.com,4c421a4806d47ee032d556631bdc235913faa340,389
AR76,Shea Bahringer,jaquan.block@hotmail.com,976f5f7a0a8e6f9b79a0602e04898d6dfe5c92d9,72
AR77,Alvena Leffler,schmeler.rosalia@gmail.com,c9fe31d7bff2755ff82481e3c401bb4ad8e04450,828
AR78,Dr. Kareem O'Keefe DDS,green.kathlyn@yahoo.com,500e35d43313acea8d93df34734eca7248e4c1cc,412
AR79,Mr. Johnpaul Schultz,kutch.delphia@hotmail.com,c7f59bde541e780a738b984b896b4bd8b842ce13,814
AR8,Ernie Baumbach MD,zkuhlman@hotmail.com,0c6218ec1621475b285103aab68cda65d3ba571d,766
AR80,Abe Jacobs,ova.bergnaum@hotmail.com,8dc00aa67cee343a5ed98f6ffcf5884b70a5b701,209
AR81,Junior Bahringer,adella98@gmail.com,db1ba5b79c55c6ec2aaa52b5478366f524f50327,23
AR82,Bertrand Jacobs,kovacek.jasmin@hotmail.com,84af0bdc1602704d5e1b00a5ecadebe1710f4e55,454
AR83,Monica Williamson,zo'connell@yahoo.com,a73cb0a486e608da504bba1719216ff452124e1d,199
AR84,Vernie Goodwin,uheidenreich@hotmail.com,82e3310ea65315e3b719eb67574ed175297e7f68,930
AR85,Dr. Shanelle Purdy,yundt.isom@yahoo.com,5a8e2c78dc99302eb9bcc2e1ba71dd7f83c0f615,737
AR86,Kaitlin Heathcote,margarete08@yahoo.com,00edef8fde9a8b004add6501a3aacbd6357236b4,952
AR87,Green Kerluke,hspinka@yahoo.com,c45963c49872c698a39256262b4c9944bc2fb877,176
AR88,Sigmund O'Keefe,reffertz@yahoo.com,5504ab81ce169e70b6ea056dff012d206e56eebc,738
AR89,Prof. Enid Hammes,elisa.howell@hotmail.com,c375f68cfe4238d81b5836181b72d6ac225238da,800
AR9,Raven Crona,hubert.labadie@hotmail.com,fff81983525465c04d4afef5b91785d7653eac96,522
AR90,Mr. Kolby Haley IV,iprosacco@gmail.com,f632440e11c4015dead52396dba0a36ba6a120f7,496
AR91,Lillie Gerlach,kziemann@hotmail.com,59af38bb6b0085731637c7c7db308a4aedcc75b4,278
AR92,Hosea Flatley,taya52@hotmail.com,3dba9a4e6fca836cebd50418fb65722a65c6eeac,42
AR93,Vladimir Pagac,murazik.jadyn@hotmail.com,2077d5fc9c132468e0a7d9f13f6e8cb342720047,69
AR94,Otho Hessel,sterling39@yahoo.com,b7fe917fc94147de636399598d1b12e8eb0ed84e,36
AR95,Brandt Ankunding,kaylie.anderson@yahoo.com,60758c3b8b84b75e9137158635c373b4b4783d32,864
AR96,Aida Bergnaum,verona62@yahoo.com,0514080636f33958980f1173144cbf22734d6768,438
AR97,Prof. Thad Herzog,kulas.jairo@gmail.com,c6f347260028bf72e1c26e42b4c219961c3db4a2,504
AR98,Felicity Aufderhar,kaya90@gmail.com,4b46bd1757188a7e5e86fce2440ba91bf1abe7b2,21
AR99,Lia Greenfelder,clyde.kohler@gmail.com,2793fb2576de4a56d744751316020be7c8a5ece0,632
